DATAFLOW,LAST UPDATE,freq,unit,hazard,nace_r2,waste,geo,TIME_PERIOD,OBS_VALUE,OBS_FLAG
ESTAT:TEN00110(1.0),13/09/22 11:00:00,A,T,HAZ_NHAZ,EP_HH,TOTAL,AT,2004,3441041,
ESTAT:TEN00110(1.0),13/09/22 11:00:00,A,T,HAZ_NHAZ,EP_HH,TOTAL,AT,2006,3711839,
ESTAT:TEN00110(1.0),13/09/22 11:00:00,A,T,HAZ_NHAZ,EP_HH,TOTAL,AT,2008,3819277,
ESTAT:TEN00110(1.0),13/09/22 11:00:00,A,T,HAZ_NHAZ,EP_HH,TOTAL,AT,2010,4622626,
ESTAT:TEN00110(1.0),13/09/22 11:00:00,A,T,HAZ_NHAZ,EP_HH,TOTAL,AT,2012,4020113,
ESTAT:TEN00110(1.0),13/09/22 11:00:00,A,T,HAZ_NHAZ,EP_HH,TOTAL,AT,2014,4170023,
ESTAT:TEN00110(1.0),13/09/22 11:00:00,A,T,HAZ_NHAZ,EP_HH,TOTAL,AT,2016,4268278,
ESTAT:TEN00110(1.0),13/09/22 11:00:00,A,T,HAZ_NHAZ,EP_HH,TOTAL,AT,2018,4407376,
ESTAT:TEN00110(1.0),13/09/22 11:00:00,A,T,HAZ_NHAZ,EP_HH,TOTAL,AT,2020,4630301,
ESTAT:TEN00110(1.0),13/09/22 11:00:00,A,T,HAZ_NHAZ,EP_HH,TOTAL,BA,2012,0,
ESTAT:TEN00110(1.0),13/09/22 11:00:00,A,T,HAZ_NHAZ,EP_HH,TOTAL,BA,2018,920541,
ESTAT:TEN00110(1.0),13/09/22 11:00:00,A,T,HAZ_NHAZ,EP_HH,TOTAL,BA,2020,902567,
ESTAT:TEN00110(1.0),13/09/22 11:00:00,A,T,HAZ_NHAZ,EP_HH,TOTAL,BE,2004,5325207,e
ESTAT:TEN00110(1.0),13/09/22 11:00:00,A,T,HAZ_NHAZ,EP_HH,TOTAL,BE,2006,4745161,e
ESTAT:TEN00110(1.0),13/09/22 11:00:00,A,T,HAZ_NHAZ,EP_HH,TOTAL,BE,2008,4459161,
ESTAT:TEN00110(1.0),13/09/22 11:00:00,A,T,HAZ_NHAZ,EP_HH,TOTAL,BE,2010,5862032,
ESTAT:TEN00110(1.0),13/09/22 11:00:00,A,T,HAZ_NHAZ,EP_HH,TOTAL,BE,2012,5294743,
ESTAT:TEN00110(1.0),13/09/22 11:00:00,A,T,HAZ_NHAZ,EP_HH,TOTAL,BE,2014,5419042,
ESTAT:TEN00110(1.0),13/09/22 11:00:00,A,T,HAZ_NHAZ,EP_HH,TOTAL,BE,2016,5041207,
ESTAT:TEN00110(1.0),13/09/22 11:00:00,A,T,HAZ_NHAZ,EP_HH,TOTAL,BE,2018,4885123,
ESTAT:TEN00110(1.0),13/09/22 11:00:00,A,T,HAZ_NHAZ,EP_HH,TOTAL,BE,2020,5342390,
ESTAT:TEN00110(1.0),13/09/22 11:00:00,A,T,HAZ_NHAZ,EP_HH,TOTAL,BG,2004,2633592,
ESTAT:TEN00110(1.0),13/09/22 11:00:00,A,T,HAZ_NHAZ,EP_HH,TOTAL,BG,2006,2928981,
ESTAT:TEN00110(1.0),13/09/22 11:00:00,A,T,HAZ_NHAZ,EP_HH,TOTAL,BG,2008,2907121,
ESTAT:TEN00110(1.0),13/09/22 11:00:00,A,T,HAZ_NHAZ,EP_HH,TOTAL,BG,2010,3529458,
ESTAT:TEN00110(1.0),13/09/22 11:00:00,A,T,HAZ_NHAZ,EP_HH,TOTAL,BG,2012,2754523,
ESTAT:TEN00110(1.0),13/09/22 11:00:00,A,T,HAZ_NHAZ,EP_HH,TOTAL,BG,2014,2683016,
ESTAT:TEN00110(1.0),13/09/22 11:00:00,A,T,HAZ_NHAZ,EP_HH,TOTAL,BG,2016,2840316,
ESTAT:TEN00110(1.0),13/09/22 11:00:00,A,T,HAZ_NHAZ,EP_HH,TOTAL,BG,2018,3145709,
ESTAT:TEN00110(1.0),13/09/22 11:00:00,A,T,HAZ_NHAZ,EP_HH,TOTAL,BG,2020,2312155,
ESTAT:TEN00110(1.0),13/09/22 11:00:00,A,T,HAZ_NHAZ,EP_HH,TOTAL,CY,2004,367353,
ESTAT:TEN00110(1.0),13/09/22 11:00:00,A,T,HAZ_NHAZ,EP_HH,TOTAL,CY,2006,356520,
ESTAT:TEN00110(1.0),13/09/22 11:00:00,A,T,HAZ_NHAZ,EP_HH,TOTAL,CY,2008,432858,
ESTAT:TEN00110(1.0),13/09/22 11:00:00,A,T,HAZ_NHAZ,EP_HH,TOTAL,CY,2010,461227,
ESTAT:TEN00110(1.0),13/09/22 11:00:00,A,T,HAZ_NHAZ,EP_HH,TOTAL,CY,2012,369586,
ESTAT:TEN00110(1.0),13/09/22 11:00:00,A,T,HAZ_NHAZ,EP_HH,TOTAL,CY,2014,323859,
ESTAT:TEN00110(1.0),13/09/22 11:00:00,A,T,HAZ_NHAZ,EP_HH,TOTAL,CY,2016,394911,
ESTAT:TEN00110(1.0),13/09/22 11:00:00,A,T,HAZ_NHAZ,EP_HH,TOTAL,CY,2018,386668,
ESTAT:TEN00110(1.0),13/09/22 11:00:00,A,T,HAZ_NHAZ,EP_HH,TOTAL,CY,2020,378382,
ESTAT:TEN00110(1.0),13/09/22 11:00:00,A,T,HAZ_NHAZ,EP_HH,TOTAL,CZ,2004,2841428,
ESTAT:TEN00110(1.0),13/09/22 11:00:00,A,T,HAZ_NHAZ,EP_HH,TOTAL,CZ,2006,3482017,
ESTAT:TEN00110(1.0),13/09/22 11:00:00,A,T,HAZ_NHAZ,EP_HH,TOTAL,CZ,2008,3176176,
ESTAT:TEN00110(1.0),13/09/22 11:00:00,A,T,HAZ_NHAZ,EP_HH,TOTAL,CZ,2010,3334240,
ESTAT:TEN00110(1.0),13/09/22 11:00:00,A,T,HAZ_NHAZ,EP_HH,TOTAL,CZ,2012,3232642,
ESTAT:TEN00110(1.0),13/09/22 11:00:00,A,T,HAZ_NHAZ,EP_HH,TOTAL,CZ,2014,3260580,
ESTAT:TEN00110(1.0),13/09/22 11:00:00,A,T,HAZ_NHAZ,EP_HH,TOTAL,CZ,2016,3579613,
ESTAT:TEN00110(1.0),13/09/22 11:00:00,A,T,HAZ_NHAZ,EP_HH,TOTAL,CZ,2018,5804841,b
ESTAT:TEN00110(1.0),13/09/22 11:00:00,A,T,HAZ_NHAZ,EP_HH,TOTAL,CZ,2020,6108373,
ESTAT:TEN00110(1.0),13/09/22 11:00:00,A,T,HAZ_NHAZ,EP_HH,TOTAL,DE,2004,38007849,
ESTAT:TEN00110(1.0),13/09/22 11:00:00,A,T,HAZ_NHAZ,EP_HH,TOTAL,DE,2006,34626019,
ESTAT:TEN00110(1.0),13/09/22 11:00:00,A,T,HAZ_NHAZ,EP_HH,TOTAL,DE,2008,35754996,
ESTAT:TEN00110(1.0),13/09/22 11:00:00,A,T,HAZ_NHAZ,EP_HH,TOTAL,DE,2010,36311611,
ESTAT:TEN00110(1.0),13/09/22 11:00:00,A,T,HAZ_NHAZ,EP_HH,TOTAL,DE,2012,36471810,
ESTAT:TEN00110(1.0),13/09/22 11:00:00,A,T,HAZ_NHAZ,EP_HH,TOTAL,DE,2014,36887634,
ESTAT:TEN00110(1.0),13/09/22 11:00:00,A,T,HAZ_NHAZ,EP_HH,TOTAL,DE,2016,37409896,
ESTAT:TEN00110(1.0),13/09/22 11:00:00,A,T,HAZ_NHAZ,EP_HH,TOTAL,DE,2018,37308892,
ESTAT:TEN00110(1.0),13/09/22 11:00:00,A,T,HAZ_NHAZ,EP_HH,TOTAL,DE,2020,38474001,
ESTAT:TEN00110(1.0),13/09/22 11:00:00,A,T,HAZ_NHAZ,EP_HH,TOTAL,DK,2004,2016209,
ESTAT:TEN00110(1.0),13/09/22 11:00:00,A,T,HAZ_NHAZ,EP_HH,TOTAL,DK,2006,2069635,
ESTAT:TEN00110(1.0),13/09/22 11:00:00,A,T,HAZ_NHAZ,EP_HH,TOTAL,DK,2008,2514155,
ESTAT:TEN00110(1.0),13/09/22 11:00:00,A,T,HAZ_NHAZ,EP_HH,TOTAL,DK,2010,3550267,
ESTAT:TEN00110(1.0),13/09/22 11:00:00,A,T,HAZ_NHAZ,EP_HH,TOTAL,DK,2012,3332998,
ESTAT:TEN00110(1.0),13/09/22 11:00:00,A,T,HAZ_NHAZ,EP_HH,TOTAL,DK,2014,3580549,
ESTAT:TEN00110(1.0),13/09/22 11:00:00,A,T,HAZ_NHAZ,EP_HH,TOTAL,DK,2016,3480305,
ESTAT:TEN00110(1.0),13/09/22 11:00:00,A,T,HAZ_NHAZ,EP_HH,TOTAL,DK,2018,3517972,
ESTAT:TEN00110(1.0),13/09/22 11:00:00,A,T,HAZ_NHAZ,EP_HH,TOTAL,DK,2020,3617933,
ESTAT:TEN00110(1.0),13/09/22 11:00:00,A,T,HAZ_NHAZ,EP_HH,TOTAL,EE,2004,401989,
ESTAT:TEN00110(1.0),13/09/22 11:00:00,A,T,HAZ_NHAZ,EP_HH,TOTAL,EE,2006,411633,
ESTAT:TEN00110(1.0),13/09/22 11:00:00,A,T,HAZ_NHAZ,EP_HH,TOTAL,EE,2008,439973,
ESTAT:TEN00110(1.0),13/09/22 11:00:00,A,T,HAZ_NHAZ,EP_HH,TOTAL,EE,2010,430499,
ESTAT:TEN00110(1.0),13/09/22 11:00:00,A,T,HAZ_NHAZ,EP_HH,TOTAL,EE,2012,436420,
ESTAT:TEN00110(1.0),13/09/22 11:00:00,A,T,HAZ_NHAZ,EP_HH,TOTAL,EE,2014,482244,
ESTAT:TEN00110(1.0),13/09/22 11:00:00,A,T,HAZ_NHAZ,EP_HH,TOTAL,EE,2016,429882,
ESTAT:TEN00110(1.0),13/09/22 11:00:00,A,T,HAZ_NHAZ,EP_HH,TOTAL,EE,2018,548242,
ESTAT:TEN00110(1.0),13/09/22 11:00:00,A,T,HAZ_NHAZ,EP_HH,TOTAL,EE,2020,550331,
ESTAT:TEN00110(1.0),13/09/22 11:00:00,A,T,HAZ_NHAZ,EP_HH,TOTAL,EL,2004,4212962,s
ESTAT:TEN00110(1.0),13/09/22 11:00:00,A,T,HAZ_NHAZ,EP_HH,TOTAL,EL,2006,4132645,
ESTAT:TEN00110(1.0),13/09/22 11:00:00,A,T,HAZ_NHAZ,EP_HH,TOTAL,EL,2008,3954486,
ESTAT:TEN00110(1.0),13/09/22 11:00:00,A,T,HAZ_NHAZ,EP_HH,TOTAL,EL,2010,5197519,
ESTAT:TEN00110(1.0),13/09/22 11:00:00,A,T,HAZ_NHAZ,EP_HH,TOTAL,EL,2016,4788941,
ESTAT:TEN00110(1.0),13/09/22 11:00:00,A,T,HAZ_NHAZ,EP_HH,TOTAL,EL,2018,4607377,
ESTAT:TEN00110(1.0),13/09/22 11:00:00,A,T,HAZ_NHAZ,EP_HH,TOTAL,EL,2020,4420481,p
ESTAT:TEN00110(1.0),13/09/22 11:00:00,A,T,HAZ_NHAZ,EP_HH,TOTAL,ES,2004,24409990,
ESTAT:TEN00110(1.0),13/09/22 11:00:00,A,T,HAZ_NHAZ,EP_HH,TOTAL,ES,2006,24078307,
ESTAT:TEN00110(1.0),13/09/22 11:00:00,A,T,HAZ_NHAZ,EP_HH,TOTAL,ES,2008,24431321,
ESTAT:TEN00110(1.0),13/09/22 11:00:00,A,T,HAZ_NHAZ,EP_HH,TOTAL,ES,2010,23198185,
ESTAT:TEN00110(1.0),13/09/22 11:00:00,A,T,HAZ_NHAZ,EP_HH,TOTAL,ES,2012,21224354,
ESTAT:TEN00110(1.0),13/09/22 11:00:00,A,T,HAZ_NHAZ,EP_HH,TOTAL,ES,2014,20159648,
ESTAT:TEN00110(1.0),13/09/22 11:00:00,A,T,HAZ_NHAZ,EP_HH,TOTAL,ES,2016,21689437,
ESTAT:TEN00110(1.0),13/09/22 11:00:00,A,T,HAZ_NHAZ,EP_HH,TOTAL,ES,2018,22699262,
ESTAT:TEN00110(1.0),13/09/22 11:00:00,A,T,HAZ_NHAZ,EP_HH,TOTAL,ES,2020,23257379,
ESTAT:TEN00110(1.0),13/09/22 11:00:00,A,T,HAZ_NHAZ,EP_HH,TOTAL,EU27_2020,2004,179960000,
ESTAT:TEN00110(1.0),13/09/22 11:00:00,A,T,HAZ_NHAZ,EP_HH,TOTAL,EU27_2020,2006,183070000,
ESTAT:TEN00110(1.0),13/09/22 11:00:00,A,T,HAZ_NHAZ,EP_HH,TOTAL,EU27_2020,2008,188040000,
ESTAT:TEN00110(1.0),13/09/22 11:00:00,A,T,HAZ_NHAZ,EP_HH,TOTAL,EU27_2020,2010,191980000,
ESTAT:TEN00110(1.0),13/09/22 11:00:00,A,T,HAZ_NHAZ,EP_HH,TOTAL,EU27_2020,2016,186790000,
ESTAT:TEN00110(1.0),13/09/22 11:00:00,A,T,HAZ_NHAZ,EP_HH,TOTAL,EU27_2020,2018,192280000,
ESTAT:TEN00110(1.0),13/09/22 11:00:00,A,T,HAZ_NHAZ,EP_HH,TOTAL,EU27_2020,2020,203660000,s
ESTAT:TEN00110(1.0),13/09/22 11:00:00,A,T,HAZ_NHAZ,EP_HH,TOTAL,EU28,2004,210970000,
ESTAT:TEN00110(1.0),13/09/22 11:00:00,A,T,HAZ_NHAZ,EP_HH,TOTAL,EU28,2006,215540000,
ESTAT:TEN00110(1.0),13/09/22 11:00:00,A,T,HAZ_NHAZ,EP_HH,TOTAL,EU28,2008,219580000,
ESTAT:TEN00110(1.0),13/09/22 11:00:00,A,T,HAZ_NHAZ,EP_HH,TOTAL,EU28,2010,219370000,
ESTAT:TEN00110(1.0),13/09/22 11:00:00,A,T,HAZ_NHAZ,EP_HH,TOTAL,EU28,2012,212100000,
ESTAT:TEN00110(1.0),13/09/22 11:00:00,A,T,HAZ_NHAZ,EP_HH,TOTAL,EU28,2014,207570000,
ESTAT:TEN00110(1.0),13/09/22 11:00:00,A,T,HAZ_NHAZ,EP_HH,TOTAL,EU28,2016,214090000,
ESTAT:TEN00110(1.0),13/09/22 11:00:00,A,T,HAZ_NHAZ,EP_HH,TOTAL,EU28,2018,218720000,
ESTAT:TEN00110(1.0),13/09/22 11:00:00,A,T,HAZ_NHAZ,EP_HH,TOTAL,FI,2004,1164497,
ESTAT:TEN00110(1.0),13/09/22 11:00:00,A,T,HAZ_NHAZ,EP_HH,TOTAL,FI,2006,1191220,
ESTAT:TEN00110(1.0),13/09/22 11:00:00,A,T,HAZ_NHAZ,EP_HH,TOTAL,FI,2008,1674400,
ESTAT:TEN00110(1.0),13/09/22 11:00:00,A,T,HAZ_NHAZ,EP_HH,TOTAL,FI,2010,1680763,
ESTAT:TEN00110(1.0),13/09/22 11:00:00,A,T,HAZ_NHAZ,EP_HH,TOTAL,FI,2012,1733525,
ESTAT:TEN00110(1.0),13/09/22 11:00:00,A,T,HAZ_NHAZ,EP_HH,TOTAL,FI,2014,1602959,
ESTAT:TEN00110(1.0),13/09/22 11:00:00,A,T,HAZ_NHAZ,EP_HH,TOTAL,FI,2016,1791659,
ESTAT:TEN00110(1.0),13/09/22 11:00:00,A,T,HAZ_NHAZ,EP_HH,TOTAL,FI,2018,2037761,
ESTAT:TEN00110(1.0),13/09/22 11:00:00,A,T,HAZ_NHAZ,EP_HH,TOTAL,FI,2020,2475453,
ESTAT:TEN00110(1.0),13/09/22 11:00:00,A,T,HAZ_NHAZ,EP_HH,TOTAL,FR,2004,25688700,
ESTAT:TEN00110(1.0),13/09/22 11:00:00,A,T,HAZ_NHAZ,EP_HH,TOTAL,FR,2006,26832200,
ESTAT:TEN00110(1.0),13/09/22 11:00:00,A,T,HAZ_NHAZ,EP_HH,TOTAL,FR,2008,29310520,
ESTAT:TEN00110(1.0),13/09/22 11:00:00,A,T,HAZ_NHAZ,EP_HH,TOTAL,FR,2010,29306586,
ESTAT:TEN00110(1.0),13/09/22 11:00:00,A,T,HAZ_NHAZ,EP_HH,TOTAL,FR,2012,29705157,
ESTAT:TEN00110(1.0),13/09/22 11:00:00,A,T,HAZ_NHAZ,EP_HH,TOTAL,FR,2014,28374300,
ESTAT:TEN00110(1.0),13/09/22 11:00:00,A,T,HAZ_NHAZ,EP_HH,TOTAL,FR,2016,29055944,
ESTAT:TEN00110(1.0),13/09/22 11:00:00,A,T,HAZ_NHAZ,EP_HH,TOTAL,FR,2018,29784969,
ESTAT:TEN00110(1.0),13/09/22 11:00:00,A,T,HAZ_NHAZ,EP_HH,TOTAL,FR,2020,33543535,
ESTAT:TEN00110(1.0),13/09/22 11:00:00,A,T,HAZ_NHAZ,EP_HH,TOTAL,HR,2006,183162,
ESTAT:TEN00110(1.0),13/09/22 11:00:00,A,T,HAZ_NHAZ,EP_HH,TOTAL,HR,2008,0,
ESTAT:TEN00110(1.0),13/09/22 11:00:00,A,T,HAZ_NHAZ,EP_HH,TOTAL,HR,2010,0,
ESTAT:TEN00110(1.0),13/09/22 11:00:00,A,T,HAZ_NHAZ,EP_HH,TOTAL,HR,2012,1190553,
ESTAT:TEN00110(1.0),13/09/22 11:00:00,A,T,HAZ_NHAZ,EP_HH,TOTAL,HR,2014,1162112,
ESTAT:TEN00110(1.0),13/09/22 11:00:00,A,T,HAZ_NHAZ,EP_HH,TOTAL,HR,2016,1144199,
ESTAT:TEN00110(1.0),13/09/22 11:00:00,A,T,HAZ_NHAZ,EP_HH,TOTAL,HR,2018,1293535,
ESTAT:TEN00110(1.0),13/09/22 11:00:00,A,T,HAZ_NHAZ,EP_HH,TOTAL,HR,2020,1212068,
ESTAT:TEN00110(1.0),13/09/22 11:00:00,A,T,HAZ_NHAZ,EP_HH,TOTAL,HU,2004,4442050,e
ESTAT:TEN00110(1.0),13/09/22 11:00:00,A,T,HAZ_NHAZ,EP_HH,TOTAL,HU,2006,2978311,e
ESTAT:TEN00110(1.0),13/09/22 11:00:00,A,T,HAZ_NHAZ,EP_HH,TOTAL,HU,2008,3466071,e
ESTAT:TEN00110(1.0),13/09/22 11:00:00,A,T,HAZ_NHAZ,EP_HH,TOTAL,HU,2010,2864896,
ESTAT:TEN00110(1.0),13/09/22 11:00:00,A,T,HAZ_NHAZ,EP_HH,TOTAL,HU,2012,2680573,
ESTAT:TEN00110(1.0),13/09/22 11:00:00,A,T,HAZ_NHAZ,EP_HH,TOTAL,HU,2014,2951303,
ESTAT:TEN00110(1.0),13/09/22 11:00:00,A,T,HAZ_NHAZ,EP_HH,TOTAL,HU,2016,2886891,
ESTAT:TEN00110(1.0),13/09/22 11:00:00,A,T,HAZ_NHAZ,EP_HH,TOTAL,HU,2018,2742656,
ESTAT:TEN00110(1.0),13/09/22 11:00:00,A,T,HAZ_NHAZ,EP_HH,TOTAL,HU,2020,4673721,
ESTAT:TEN00110(1.0),13/09/22 11:00:00,A,T,HAZ_NHAZ,EP_HH,TOTAL,IE,2004,1702345,
ESTAT:TEN00110(1.0),13/09/22 11:00:00,A,T,HAZ_NHAZ,EP_HH,TOTAL,IE,2006,1978711,
ESTAT:TEN00110(1.0),13/09/22 11:00:00,A,T,HAZ_NHAZ,EP_HH,TOTAL,IE,2008,1677338,
ESTAT:TEN00110(1.0),13/09/22 11:00:00,A,T,HAZ_NHAZ,EP_HH,TOTAL,IE,2010,1730028,
ESTAT:TEN00110(1.0),13/09/22 11:00:00,A,T,HAZ_NHAZ,EP_HH,TOTAL,IE,2012,1656670,
ESTAT:TEN00110(1.0),13/09/22 11:00:00,A,T,HAZ_NHAZ,EP_HH,TOTAL,IE,2014,1524356,
ESTAT:TEN00110(1.0),13/09/22 11:00:00,A,T,HAZ_NHAZ,EP_HH,TOTAL,IE,2016,1513544,
ESTAT:TEN00110(1.0),13/09/22 11:00:00,A,T,HAZ_NHAZ,EP_HH,TOTAL,IE,2018,1591220,
ESTAT:TEN00110(1.0),13/09/22 11:00:00,A,T,HAZ_NHAZ,EP_HH,TOTAL,IS,2004,141487,
ESTAT:TEN00110(1.0),13/09/22 11:00:00,A,T,HAZ_NHAZ,EP_HH,TOTAL,IS,2010,232256,
ESTAT:TEN00110(1.0),13/09/22 11:00:00,A,T,HAZ_NHAZ,EP_HH,TOTAL,IS,2012,232921,
ESTAT:TEN00110(1.0),13/09/22 11:00:00,A,T,HAZ_NHAZ,EP_HH,TOTAL,IS,2014,299413,b
ESTAT:TEN00110(1.0),13/09/22 11:00:00,A,T,HAZ_NHAZ,EP_HH,TOTAL,IS,2016,430925,
ESTAT:TEN00110(1.0),13/09/22 11:00:00,A,T,HAZ_NHAZ,EP_HH,TOTAL,IS,2018,519927,
ESTAT:TEN00110(1.0),13/09/22 11:00:00,A,T,HAZ_NHAZ,EP_HH,TOTAL,IT,2004,31149585,
ESTAT:TEN00110(1.0),13/09/22 11:00:00,A,T,HAZ_NHAZ,EP_HH,TOTAL,IT,2006,32522650,
ESTAT:TEN00110(1.0),13/09/22 11:00:00,A,T,HAZ_NHAZ,EP_HH,TOTAL,IT,2008,32471571,
ESTAT:TEN00110(1.0),13/09/22 11:00:00,A,T,HAZ_NHAZ,EP_HH,TOTAL,IT,2010,32478921,
ESTAT:TEN00110(1.0),13/09/22 11:00:00,A,T,HAZ_NHAZ,EP_HH,TOTAL,IT,2012,29993530,
ESTAT:TEN00110(1.0),13/09/22 11:00:00,A,T,HAZ_NHAZ,EP_HH,TOTAL,IT,2014,29651721,
ESTAT:TEN00110(1.0),13/09/22 11:00:00,A,T,HAZ_NHAZ,EP_HH,TOTAL,IT,2016,30116606,
ESTAT:TEN00110(1.0),13/09/22 11:00:00,A,T,HAZ_NHAZ,EP_HH,TOTAL,IT,2018,30158281,
ESTAT:TEN00110(1.0),13/09/22 11:00:00,A,T,HAZ_NHAZ,EP_HH,TOTAL,IT,2020,28945093,
ESTAT:TEN00110(1.0),13/09/22 11:00:00,A,T,HAZ_NHAZ,EP_HH,TOTAL,LI,2008,0,
ESTAT:TEN00110(1.0),13/09/22 11:00:00,A,T,HAZ_NHAZ,EP_HH,TOTAL,LI,2010,0,
ESTAT:TEN00110(1.0),13/09/22 11:00:00,A,T,HAZ_NHAZ,EP_HH,TOTAL,LI,2012,316274,
ESTAT:TEN00110(1.0),13/09/22 11:00:00,A,T,HAZ_NHAZ,EP_HH,TOTAL,LI,2014,26988,
ESTAT:TEN00110(1.0),13/09/22 11:00:00,A,T,HAZ_NHAZ,EP_HH,TOTAL,LI,2016,27167,
ESTAT:TEN00110(1.0),13/09/22 11:00:00,A,T,HAZ_NHAZ,EP_HH,TOTAL,LI,2018,29402,
ESTAT:TEN00110(1.0),13/09/22 11:00:00,A,T,HAZ_NHAZ,EP_HH,TOTAL,LT,2004,601749,
ESTAT:TEN00110(1.0),13/09/22 11:00:00,A,T,HAZ_NHAZ,EP_HH,TOTAL,LT,2006,1298932,
ESTAT:TEN00110(1.0),13/09/22 11:00:00,A,T,HAZ_NHAZ,EP_HH,TOTAL,LT,2008,1362620,p
ESTAT:TEN00110(1.0),13/09/22 11:00:00,A,T,HAZ_NHAZ,EP_HH,TOTAL,LT,2010,1261400,
ESTAT:TEN00110(1.0),13/09/22 11:00:00,A,T,HAZ_NHAZ,EP_HH,TOTAL,LT,2012,1176825,
ESTAT:TEN00110(1.0),13/09/22 11:00:00,A,T,HAZ_NHAZ,EP_HH,TOTAL,LT,2014,1161764,
ESTAT:TEN00110(1.0),13/09/22 11:00:00,A,T,HAZ_NHAZ,EP_HH,TOTAL,LT,2016,1119279,
ESTAT:TEN00110(1.0),13/09/22 11:00:00,A,T,HAZ_NHAZ,EP_HH,TOTAL,LT,2018,1416112,
ESTAT:TEN00110(1.0),13/09/22 11:00:00,A,T,HAZ_NHAZ,EP_HH,TOTAL,LT,2020,1397018,
ESTAT:TEN00110(1.0),13/09/22 11:00:00,A,T,HAZ_NHAZ,EP_HH,TOTAL,LU,2004,221014,
ESTAT:TEN00110(1.0),13/09/22 11:00:00,A,T,HAZ_NHAZ,EP_HH,TOTAL,LU,2006,191580,
ESTAT:TEN00110(1.0),13/09/22 11:00:00,A,T,HAZ_NHAZ,EP_HH,TOTAL,LU,2008,276272,
ESTAT:TEN00110(1.0),13/09/22 11:00:00,A,T,HAZ_NHAZ,EP_HH,TOTAL,LU,2010,250061,
ESTAT:TEN00110(1.0),13/09/22 11:00:00,A,T,HAZ_NHAZ,EP_HH,TOTAL,LU,2012,249010,
ESTAT:TEN00110(1.0),13/09/22 11:00:00,A,T,HAZ_NHAZ,EP_HH,TOTAL,LU,2014,242849,
ESTAT:TEN00110(1.0),13/09/22 11:00:00,A,T,HAZ_NHAZ,EP_HH,TOTAL,LU,2016,182564,
ESTAT:TEN00110(1.0),13/09/22 11:00:00,A,T,HAZ_NHAZ,EP_HH,TOTAL,LU,2018,190568,
ESTAT:TEN00110(1.0),13/09/22 11:00:00,A,T,HAZ_NHAZ,EP_HH,TOTAL,LU,2020,202250,
ESTAT:TEN00110(1.0),13/09/22 11:00:00,A,T,HAZ_NHAZ,EP_HH,TOTAL,LV,2004,543490,
ESTAT:TEN00110(1.0),13/09/22 11:00:00,A,T,HAZ_NHAZ,EP_HH,TOTAL,LV,2006,853889,
ESTAT:TEN00110(1.0),13/09/22 11:00:00,A,T,HAZ_NHAZ,EP_HH,TOTAL,LV,2008,606077,
ESTAT:TEN00110(1.0),13/09/22 11:00:00,A,T,HAZ_NHAZ,EP_HH,TOTAL,LV,2010,694013,
ESTAT:TEN00110(1.0),13/09/22 11:00:00,A,T,HAZ_NHAZ,EP_HH,TOTAL,LV,2012,1213193,
ESTAT:TEN00110(1.0),13/09/22 11:00:00,A,T,HAZ_NHAZ,EP_HH,TOTAL,LV,2014,709118,
ESTAT:TEN00110(1.0),13/09/22 11:00:00,A,T,HAZ_NHAZ,EP_HH,TOTAL,LV,2016,870177,
ESTAT:TEN00110(1.0),13/09/22 11:00:00,A,T,HAZ_NHAZ,EP_HH,TOTAL,LV,2018,577587,
ESTAT:TEN00110(1.0),13/09/22 11:00:00,A,T,HAZ_NHAZ,EP_HH,TOTAL,LV,2020,644390,
ESTAT:TEN00110(1.0),13/09/22 11:00:00,A,T,HAZ_NHAZ,EP_HH,TOTAL,ME,2012,208245,
ESTAT:TEN00110(1.0),13/09/22 11:00:00,A,T,HAZ_NHAZ,EP_HH,TOTAL,ME,2014,230274,
ESTAT:TEN00110(1.0),13/09/22 11:00:00,A,T,HAZ_NHAZ,EP_HH,TOTAL,ME,2016,227055,
ESTAT:TEN00110(1.0),13/09/22 11:00:00,A,T,HAZ_NHAZ,EP_HH,TOTAL,ME,2018,254356,
ESTAT:TEN00110(1.0),13/09/22 11:00:00,A,T,HAZ_NHAZ,EP_HH,TOTAL,ME,2020,230684,
ESTAT:TEN00110(1.0),13/09/22 11:00:00,A,T,HAZ_NHAZ,EP_HH,TOTAL,MK,2010,451382,
ESTAT:TEN00110(1.0),13/09/22 11:00:00,A,T,HAZ_NHAZ,EP_HH,TOTAL,MK,2012,0,
ESTAT:TEN00110(1.0),13/09/22 11:00:00,A,T,HAZ_NHAZ,EP_HH,TOTAL,MK,2014,0,
ESTAT:TEN00110(1.0),13/09/22 11:00:00,A,T,HAZ_NHAZ,EP_HH,TOTAL,MK,2016,0,
ESTAT:TEN00110(1.0),13/09/22 11:00:00,A,T,HAZ_NHAZ,EP_HH,TOTAL,MK,2018,0,
ESTAT:TEN00110(1.0),13/09/22 11:00:00,A,T,HAZ_NHAZ,EP_HH,TOTAL,MK,2020,0,
ESTAT:TEN00110(1.0),13/09/22 11:00:00,A,T,HAZ_NHAZ,EP_HH,TOTAL,MT,2004,132387,
ESTAT:TEN00110(1.0),13/09/22 11:00:00,A,T,HAZ_NHAZ,EP_HH,TOTAL,MT,2006,130208,
ESTAT:TEN00110(1.0),13/09/22 11:00:00,A,T,HAZ_NHAZ,EP_HH,TOTAL,MT,2008,145817,
ESTAT:TEN00110(1.0),13/09/22 11:00:00,A,T,HAZ_NHAZ,EP_HH,TOTAL,MT,2010,149564,
ESTAT:TEN00110(1.0),13/09/22 11:00:00,A,T,HAZ_NHAZ,EP_HH,TOTAL,MT,2012,149267,
ESTAT:TEN00110(1.0),13/09/22 11:00:00,A,T,HAZ_NHAZ,EP_HH,TOTAL,MT,2014,154478,
ESTAT:TEN00110(1.0),13/09/22 11:00:00,A,T,HAZ_NHAZ,EP_HH,TOTAL,MT,2016,165852,
ESTAT:TEN00110(1.0),13/09/22 11:00:00,A,T,HAZ_NHAZ,EP_HH,TOTAL,MT,2018,185302,
ESTAT:TEN00110(1.0),13/09/22 11:00:00,A,T,HAZ_NHAZ,EP_HH,TOTAL,MT,2020,196079,
ESTAT:TEN00110(1.0),13/09/22 11:00:00,A,T,HAZ_NHAZ,EP_HH,TOTAL,NL,2004,9455209,
ESTAT:TEN00110(1.0),13/09/22 11:00:00,A,T,HAZ_NHAZ,EP_HH,TOTAL,NL,2006,9416499,
ESTAT:TEN00110(1.0),13/09/22 11:00:00,A,T,HAZ_NHAZ,EP_HH,TOTAL,NL,2008,9434770,
ESTAT:TEN00110(1.0),13/09/22 11:00:00,A,T,HAZ_NHAZ,EP_HH,TOTAL,NL,2010,9084649,
ESTAT:TEN00110(1.0),13/09/22 11:00:00,A,T,HAZ_NHAZ,EP_HH,TOTAL,NL,2016,8549762,
ESTAT:TEN00110(1.0),13/09/22 11:00:00,A,T,HAZ_NHAZ,EP_HH,TOTAL,NL,2018,8633590,
ESTAT:TEN00110(1.0),13/09/22 11:00:00,A,T,HAZ_NHAZ,EP_HH,TOTAL,NL,2020,9284698,
ESTAT:TEN00110(1.0),13/09/22 11:00:00,A,T,HAZ_NHAZ,EP_HH,TOTAL,NO,2004,1933939,
ESTAT:TEN00110(1.0),13/09/22 11:00:00,A,T,HAZ_NHAZ,EP_HH,TOTAL,NO,2006,2199862,
ESTAT:TEN00110(1.0),13/09/22 11:00:00,A,T,HAZ_NHAZ,EP_HH,TOTAL,NO,2008,2224522,
ESTAT:TEN00110(1.0),13/09/22 11:00:00,A,T,HAZ_NHAZ,EP_HH,TOTAL,NO,2010,2228608,
ESTAT:TEN00110(1.0),13/09/22 11:00:00,A,T,HAZ_NHAZ,EP_HH,TOTAL,NO,2012,2437776,
ESTAT:TEN00110(1.0),13/09/22 11:00:00,A,T,HAZ_NHAZ,EP_HH,TOTAL,NO,2014,2426530,
ESTAT:TEN00110(1.0),13/09/22 11:00:00,A,T,HAZ_NHAZ,EP_HH,TOTAL,NO,2016,2444305,
ESTAT:TEN00110(1.0),13/09/22 11:00:00,A,T,HAZ_NHAZ,EP_HH,TOTAL,NO,2018,2418104,
ESTAT:TEN00110(1.0),13/09/22 11:00:00,A,T,HAZ_NHAZ,EP_HH,TOTAL,NO,2020,2584831,
ESTAT:TEN00110(1.0),13/09/22 11:00:00,A,T,HAZ_NHAZ,EP_HH,TOTAL,PL,2004,6768077,
ESTAT:TEN00110(1.0),13/09/22 11:00:00,A,T,HAZ_NHAZ,EP_HH,TOTAL,PL,2006,6885997,
ESTAT:TEN00110(1.0),13/09/22 11:00:00,A,T,HAZ_NHAZ,EP_HH,TOTAL,PL,2008,6879294,
ESTAT:TEN00110(1.0),13/09/22 11:00:00,A,T,HAZ_NHAZ,EP_HH,TOTAL,PL,2010,8889685,
ESTAT:TEN00110(1.0),13/09/22 11:00:00,A,T,HAZ_NHAZ,EP_HH,TOTAL,PL,2012,9324197,
ESTAT:TEN00110(1.0),13/09/22 11:00:00,A,T,HAZ_NHAZ,EP_HH,TOTAL,PL,2014,8240413,
ESTAT:TEN00110(1.0),13/09/22 11:00:00,A,T,HAZ_NHAZ,EP_HH,TOTAL,PL,2016,9534484,
ESTAT:TEN00110(1.0),13/09/22 11:00:00,A,T,HAZ_NHAZ,EP_HH,TOTAL,PL,2018,9567727,
ESTAT:TEN00110(1.0),13/09/22 11:00:00,A,T,HAZ_NHAZ,EP_HH,TOTAL,PL,2020,13229686,b
ESTAT:TEN00110(1.0),13/09/22 11:00:00,A,T,HAZ_NHAZ,EP_HH,TOTAL,PT,2004,4582610,
ESTAT:TEN00110(1.0),13/09/22 11:00:00,A,T,HAZ_NHAZ,EP_HH,TOTAL,PT,2006,4641103,e
ESTAT:TEN00110(1.0),13/09/22 11:00:00,A,T,HAZ_NHAZ,EP_HH,TOTAL,PT,2008,5466307,
ESTAT:TEN00110(1.0),13/09/22 11:00:00,A,T,HAZ_NHAZ,EP_HH,TOTAL,PT,2010,5440930,
ESTAT:TEN00110(1.0),13/09/22 11:00:00,A,T,HAZ_NHAZ,EP_HH,TOTAL,PT,2012,4731431,
ESTAT:TEN00110(1.0),13/09/22 11:00:00,A,T,HAZ_NHAZ,EP_HH,TOTAL,PT,2014,4710465,
ESTAT:TEN00110(1.0),13/09/22 11:00:00,A,T,HAZ_NHAZ,EP_HH,TOTAL,PT,2016,4897262,
ESTAT:TEN00110(1.0),13/09/22 11:00:00,A,T,HAZ_NHAZ,EP_HH,TOTAL,PT,2018,5213148,b
ESTAT:TEN00110(1.0),13/09/22 11:00:00,A,T,HAZ_NHAZ,EP_HH,TOTAL,PT,2020,5278502,
ESTAT:TEN00110(1.0),13/09/22 11:00:00,A,T,HAZ_NHAZ,EP_HH,TOTAL,RO,2004,3638200,
ESTAT:TEN00110(1.0),13/09/22 11:00:00,A,T,HAZ_NHAZ,EP_HH,TOTAL,RO,2006,6368670,
ESTAT:TEN00110(1.0),13/09/22 11:00:00,A,T,HAZ_NHAZ,EP_HH,TOTAL,RO,2008,6503356,
ESTAT:TEN00110(1.0),13/09/22 11:00:00,A,T,HAZ_NHAZ,EP_HH,TOTAL,RO,2010,5164479,
ESTAT:TEN00110(1.0),13/09/22 11:00:00,A,T,HAZ_NHAZ,EP_HH,TOTAL,RO,2012,4525388,
ESTAT:TEN00110(1.0),13/09/22 11:00:00,A,T,HAZ_NHAZ,EP_HH,TOTAL,RO,2014,3823053,
ESTAT:TEN00110(1.0),13/09/22 11:00:00,A,T,HAZ_NHAZ,EP_HH,TOTAL,RO,2016,4098427,
ESTAT:TEN00110(1.0),13/09/22 11:00:00,A,T,HAZ_NHAZ,EP_HH,TOTAL,RO,2018,4178208,
ESTAT:TEN00110(1.0),13/09/22 11:00:00,A,T,HAZ_NHAZ,EP_HH,TOTAL,RO,2020,4256889,
ESTAT:TEN00110(1.0),13/09/22 11:00:00,A,T,HAZ_NHAZ,EP_HH,TOTAL,RS,2010,0,
ESTAT:TEN00110(1.0),13/09/22 11:00:00,A,T,HAZ_NHAZ,EP_HH,TOTAL,RS,2012,0,
ESTAT:TEN00110(1.0),13/09/22 11:00:00,A,T,HAZ_NHAZ,EP_HH,TOTAL,RS,2014,1637251,
ESTAT:TEN00110(1.0),13/09/22 11:00:00,A,T,HAZ_NHAZ,EP_HH,TOTAL,RS,2016,1589709,
ESTAT:TEN00110(1.0),13/09/22 11:00:00,A,T,HAZ_NHAZ,EP_HH,TOTAL,RS,2018,1863029,
ESTAT:TEN00110(1.0),13/09/22 11:00:00,A,T,HAZ_NHAZ,EP_HH,TOTAL,RS,2020,2063247,
ESTAT:TEN00110(1.0),13/09/22 11:00:00,A,T,HAZ_NHAZ,EP_HH,TOTAL,SE,2004,4079432,
ESTAT:TEN00110(1.0),13/09/22 11:00:00,A,T,HAZ_NHAZ,EP_HH,TOTAL,SE,2006,4340669,
ESTAT:TEN00110(1.0),13/09/22 11:00:00,A,T,HAZ_NHAZ,EP_HH,TOTAL,SE,2008,4393002,
ESTAT:TEN00110(1.0),13/09/22 11:00:00,A,T,HAZ_NHAZ,EP_HH,TOTAL,SE,2010,4038272,
ESTAT:TEN00110(1.0),13/09/22 11:00:00,A,T,HAZ_NHAZ,EP_HH,TOTAL,SE,2012,4193105,
ESTAT:TEN00110(1.0),13/09/22 11:00:00,A,T,HAZ_NHAZ,EP_HH,TOTAL,SE,2014,4172574,
ESTAT:TEN00110(1.0),13/09/22 11:00:00,A,T,HAZ_NHAZ,EP_HH,TOTAL,SE,2016,4410872,
ESTAT:TEN00110(1.0),13/09/22 11:00:00,A,T,HAZ_NHAZ,EP_HH,TOTAL,SE,2018,4505131,
ESTAT:TEN00110(1.0),13/09/22 11:00:00,A,T,HAZ_NHAZ,EP_HH,TOTAL,SE,2020,4645784,
ESTAT:TEN00110(1.0),13/09/22 11:00:00,A,T,HAZ_NHAZ,EP_HH,TOTAL,SI,2004,660980,
ESTAT:TEN00110(1.0),13/09/22 11:00:00,A,T,HAZ_NHAZ,EP_HH,TOTAL,SI,2006,1088875,
ESTAT:TEN00110(1.0),13/09/22 11:00:00,A,T,HAZ_NHAZ,EP_HH,TOTAL,SI,2008,714165,
ESTAT:TEN00110(1.0),13/09/22 11:00:00,A,T,HAZ_NHAZ,EP_HH,TOTAL,SI,2010,727708,
ESTAT:TEN00110(1.0),13/09/22 11:00:00,A,T,HAZ_NHAZ,EP_HH,TOTAL,SI,2012,641449,
ESTAT:TEN00110(1.0),13/09/22 11:00:00,A,T,HAZ_NHAZ,EP_HH,TOTAL,SI,2014,562375,
ESTAT:TEN00110(1.0),13/09/22 11:00:00,A,T,HAZ_NHAZ,EP_HH,TOTAL,SI,2016,642022,
ESTAT:TEN00110(1.0),13/09/22 11:00:00,A,T,HAZ_NHAZ,EP_HH,TOTAL,SI,2018,643342,
ESTAT:TEN00110(1.0),13/09/22 11:00:00,A,T,HAZ_NHAZ,EP_HH,TOTAL,SI,2020,630062,
ESTAT:TEN00110(1.0),13/09/22 11:00:00,A,T,HAZ_NHAZ,EP_HH,TOTAL,SK,2004,1475121,
ESTAT:TEN00110(1.0),13/09/22 11:00:00,A,T,HAZ_NHAZ,EP_HH,TOTAL,SK,2006,1623306,
ESTAT:TEN00110(1.0),13/09/22 11:00:00,A,T,HAZ_NHAZ,EP_HH,TOTAL,SK,2008,1772426,
ESTAT:TEN00110(1.0),13/09/22 11:00:00,A,T,HAZ_NHAZ,EP_HH,TOTAL,SK,2010,1719012,
ESTAT:TEN00110(1.0),13/09/22 11:00:00,A,T,HAZ_NHAZ,EP_HH,TOTAL,SK,2012,1656571,
ESTAT:TEN00110(1.0),13/09/22 11:00:00,A,T,HAZ_NHAZ,EP_HH,TOTAL,SK,2014,1732983,
ESTAT:TEN00110(1.0),13/09/22 11:00:00,A,T,HAZ_NHAZ,EP_HH,TOTAL,SK,2016,1889523,
ESTAT:TEN00110(1.0),13/09/22 11:00:00,A,T,HAZ_NHAZ,EP_HH,TOTAL,SK,2018,2254089,
ESTAT:TEN00110(1.0),13/09/22 11:00:00,A,T,HAZ_NHAZ,EP_HH,TOTAL,SK,2020,2361111,
ESTAT:TEN00110(1.0),13/09/22 11:00:00,A,T,HAZ_NHAZ,EP_HH,TOTAL,TR,2004,29224710,e
ESTAT:TEN00110(1.0),13/09/22 11:00:00,A,T,HAZ_NHAZ,EP_HH,TOTAL,TR,2006,30081820,
ESTAT:TEN00110(1.0),13/09/22 11:00:00,A,T,HAZ_NHAZ,EP_HH,TOTAL,TR,2008,28454025,
ESTAT:TEN00110(1.0),13/09/22 11:00:00,A,T,HAZ_NHAZ,EP_HH,TOTAL,TR,2010,29587465,
ESTAT:TEN00110(1.0),13/09/22 11:00:00,A,T,HAZ_NHAZ,EP_HH,TOTAL,TR,2012,30785436,
ESTAT:TEN00110(1.0),13/09/22 11:00:00,A,T,HAZ_NHAZ,EP_HH,TOTAL,TR,2014,25133903,
ESTAT:TEN00110(1.0),13/09/22 11:00:00,A,T,HAZ_NHAZ,EP_HH,TOTAL,TR,2016,28097948,
ESTAT:TEN00110(1.0),13/09/22 11:00:00,A,T,HAZ_NHAZ,EP_HH,TOTAL,TR,2018,28099214,
ESTAT:TEN00110(1.0),13/09/22 11:00:00,A,T,HAZ_NHAZ,EP_HH,TOTAL,TR,2020,28489632,
ESTAT:TEN00110(1.0),13/09/22 11:00:00,A,T,HAZ_NHAZ,EP_HH,TOTAL,UK,2004,31007480,
ESTAT:TEN00110(1.0),13/09/22 11:00:00,A,T,HAZ_NHAZ,EP_HH,TOTAL,UK,2006,32466328,
ESTAT:TEN00110(1.0),13/09/22 11:00:00,A,T,HAZ_NHAZ,EP_HH,TOTAL,UK,2008,31539338,
ESTAT:TEN00110(1.0),13/09/22 11:00:00,A,T,HAZ_NHAZ,EP_HH,TOTAL,UK,2010,27393710,
ESTAT:TEN00110(1.0),13/09/22 11:00:00,A,T,HAZ_NHAZ,EP_HH,TOTAL,UK,2012,26416270,
ESTAT:TEN00110(1.0),13/09/22 11:00:00,A,T,HAZ_NHAZ,EP_HH,TOTAL,UK,2014,26797105,
ESTAT:TEN00110(1.0),13/09/22 11:00:00,A,T,HAZ_NHAZ,EP_HH,TOTAL,UK,2016,27300581,
ESTAT:TEN00110(1.0),13/09/22 11:00:00,A,T,HAZ_NHAZ,EP_HH,TOTAL,UK,2018,26410926,
ESTAT:TEN00110(1.0),13/09/22 11:00:00,A,T,HAZ_NHAZ,EP_HH,TOTAL,XK,2012,490045,
ESTAT:TEN00110(1.0),13/09/22 11:00:00,A,T,HAZ_NHAZ,EP_HH,TOTAL,XK,2014,490045,
ESTAT:TEN00110(1.0),13/09/22 11:00:00,A,T,HAZ_NHAZ,EP_HH,TOTAL,XK,2016,302741,
ESTAT:TEN00110(1.0),13/09/22 11:00:00,A,T,HAZ_NHAZ,EP_HH,TOTAL,XK,2018,338652,
ESTAT:TEN00110(1.0),13/09/22 11:00:00,A,T,HAZ_NHAZ,EP_HH,TOTAL,XK,2020,379391,
ESTAT:TEN00110(1.0),13/09/22 11:00:00,A,T,HAZ_NHAZ,EP_HH,W01-05,AT,2004,8159,
ESTAT:TEN00110(1.0),13/09/22 11:00:00,A,T,HAZ_NHAZ,EP_HH,W01-05,AT,2006,8054,
ESTAT:TEN00110(1.0),13/09/22 11:00:00,A,T,HAZ_NHAZ,EP_HH,W01-05,AT,2008,7734,
ESTAT:TEN00110(1.0),13/09/22 11:00:00,A,T,HAZ_NHAZ,EP_HH,W01-05,BE,2004,15814,
ESTAT:TEN00110(1.0),13/09/22 11:00:00,A,T,HAZ_NHAZ,EP_HH,W01-05,BE,2006,11533,
ESTAT:TEN00110(1.0),13/09/22 11:00:00,A,T,HAZ_NHAZ,EP_HH,W01-05,BE,2008,17674,
ESTAT:TEN00110(1.0),13/09/22 11:00:00,A,T,HAZ_NHAZ,EP_HH,W01-05,BG,2004,0,
ESTAT:TEN00110(1.0),13/09/22 11:00:00,A,T,HAZ_NHAZ,EP_HH,W01-05,BG,2006,0,
ESTAT:TEN00110(1.0),13/09/22 11:00:00,A,T,HAZ_NHAZ,EP_HH,W01-05,BG,2008,0,
ESTAT:TEN00110(1.0),13/09/22 11:00:00,A,T,HAZ_NHAZ,EP_HH,W01-05,CY,2004,0,
ESTAT:TEN00110(1.0),13/09/22 11:00:00,A,T,HAZ_NHAZ,EP_HH,W01-05,CY,2006,1260,
ESTAT:TEN00110(1.0),13/09/22 11:00:00,A,T,HAZ_NHAZ,EP_HH,W01-05,CY,2008,1616,
ESTAT:TEN00110(1.0),13/09/22 11:00:00,A,T,HAZ_NHAZ,EP_HH,W01-05,CZ,2004,3457,
ESTAT:TEN00110(1.0),13/09/22 11:00:00,A,T,HAZ_NHAZ,EP_HH,W01-05,CZ,2006,4635,
ESTAT:TEN00110(1.0),13/09/22 11:00:00,A,T,HAZ_NHAZ,EP_HH,W01-05,CZ,2008,3304,
ESTAT:TEN00110(1.0),13/09/22 11:00:00,A,T,HAZ_NHAZ,EP_HH,W01-05,DE,2004,38785,
ESTAT:TEN00110(1.0),13/09/22 11:00:00,A,T,HAZ_NHAZ,EP_HH,W01-05,DE,2006,18169,
ESTAT:TEN00110(1.0),13/09/22 11:00:00,A,T,HAZ_NHAZ,EP_HH,W01-05,DE,2008,21300,
ESTAT:TEN00110(1.0),13/09/22 11:00:00,A,T,HAZ_NHAZ,EP_HH,W01-05,DK,2004,111,
ESTAT:TEN00110(1.0),13/09/22 11:00:00,A,T,HAZ_NHAZ,EP_HH,W01-05,DK,2006,17,
ESTAT:TEN00110(1.0),13/09/22 11:00:00,A,T,HAZ_NHAZ,EP_HH,W01-05,DK,2008,240,
ESTAT:TEN00110(1.0),13/09/22 11:00:00,A,T,HAZ_NHAZ,EP_HH,W01-05,EE,2004,523,
ESTAT:TEN00110(1.0),13/09/22 11:00:00,A,T,HAZ_NHAZ,EP_HH,W01-05,EE,2006,520,
ESTAT:TEN00110(1.0),13/09/22 11:00:00,A,T,HAZ_NHAZ,EP_HH,W01-05,EE,2008,746,
ESTAT:TEN00110(1.0),13/09/22 11:00:00,A,T,HAZ_NHAZ,EP_HH,W01-05,EL,2004,0,
ESTAT:TEN00110(1.0),13/09/22 11:00:00,A,T,HAZ_NHAZ,EP_HH,W01-05,EL,2006,0,
ESTAT:TEN00110(1.0),13/09/22 11:00:00,A,T,HAZ_NHAZ,EP_HH,W01-05,EL,2008,0,
ESTAT:TEN00110(1.0),13/09/22 11:00:00,A,T,HAZ_NHAZ,EP_HH,W01-05,ES,2004,43093,
ESTAT:TEN00110(1.0),13/09/22 11:00:00,A,T,HAZ_NHAZ,EP_HH,W01-05,ES,2006,46744,
ESTAT:TEN00110(1.0),13/09/22 11:00:00,A,T,HAZ_NHAZ,EP_HH,W01-05,ES,2008,2895,
ESTAT:TEN00110(1.0),13/09/22 11:00:00,A,T,HAZ_NHAZ,EP_HH,W01-05,EU27_2020,2004,230000,
ESTAT:TEN00110(1.0),13/09/22 11:00:00,A,T,HAZ_NHAZ,EP_HH,W01-05,EU27_2020,2006,280000,
ESTAT:TEN00110(1.0),13/09/22 11:00:00,A,T,HAZ_NHAZ,EP_HH,W01-05,EU27_2020,2008,170000,
ESTAT:TEN00110(1.0),13/09/22 11:00:00,A,T,HAZ_NHAZ,EP_HH,W01-05,EU28,2004,240000,
ESTAT:TEN00110(1.0),13/09/22 11:00:00,A,T,HAZ_NHAZ,EP_HH,W01-05,EU28,2006,290000,
ESTAT:TEN00110(1.0),13/09/22 11:00:00,A,T,HAZ_NHAZ,EP_HH,W01-05,EU28,2008,210000,
ESTAT:TEN00110(1.0),13/09/22 11:00:00,A,T,HAZ_NHAZ,EP_HH,W01-05,FI,2004,1805,
ESTAT:TEN00110(1.0),13/09/22 11:00:00,A,T,HAZ_NHAZ,EP_HH,W01-05,FI,2006,1184,
ESTAT:TEN00110(1.0),13/09/22 11:00:00,A,T,HAZ_NHAZ,EP_HH,W01-05,FI,2008,354,
ESTAT:TEN00110(1.0),13/09/22 11:00:00,A,T,HAZ_NHAZ,EP_HH,W01-05,FR,2004,38200,
ESTAT:TEN00110(1.0),13/09/22 11:00:00,A,T,HAZ_NHAZ,EP_HH,W01-05,FR,2006,31700,
ESTAT:TEN00110(1.0),13/09/22 11:00:00,A,T,HAZ_NHAZ,EP_HH,W01-05,FR,2008,54060,
ESTAT:TEN00110(1.0),13/09/22 11:00:00,A,T,HAZ_NHAZ,EP_HH,W01-05,HR,2004,0,
ESTAT:TEN00110(1.0),13/09/22 11:00:00,A,T,HAZ_NHAZ,EP_HH,W01-05,HR,2006,89556,
ESTAT:TEN00110(1.0),13/09/22 11:00:00,A,T,HAZ_NHAZ,EP_HH,W01-05,HR,2008,0,
ESTAT:TEN00110(1.0),13/09/22 11:00:00,A,T,HAZ_NHAZ,EP_HH,W01-05,HU,2004,0,
ESTAT:TEN00110(1.0),13/09/22 11:00:00,A,T,HAZ_NHAZ,EP_HH,W01-05,HU,2006,0,
ESTAT:TEN00110(1.0),13/09/22 11:00:00,A,T,HAZ_NHAZ,EP_HH,W01-05,HU,2008,0,
ESTAT:TEN00110(1.0),13/09/22 11:00:00,A,T,HAZ_NHAZ,EP_HH,W01-05,IE,2004,149,
ESTAT:TEN00110(1.0),13/09/22 11:00:00,A,T,HAZ_NHAZ,EP_HH,W01-05,IE,2006,0,
ESTAT:TEN00110(1.0),13/09/22 11:00:00,A,T,HAZ_NHAZ,EP_HH,W01-05,IS,2004,0,
ESTAT:TEN00110(1.0),13/09/22 11:00:00,A,T,HAZ_NHAZ,EP_HH,W01-05,IT,2004,12696,
ESTAT:TEN00110(1.0),13/09/22 11:00:00,A,T,HAZ_NHAZ,EP_HH,W01-05,IT,2006,9631,
ESTAT:TEN00110(1.0),13/09/22 11:00:00,A,T,HAZ_NHAZ,EP_HH,W01-05,IT,2008,11769,
ESTAT:TEN00110(1.0),13/09/22 11:00:00,A,T,HAZ_NHAZ,EP_HH,W01-05,LI,2008,0,
ESTAT:TEN00110(1.0),13/09/22 11:00:00,A,T,HAZ_NHAZ,EP_HH,W01-05,LT,2004,91,
ESTAT:TEN00110(1.0),13/09/22 11:00:00,A,T,HAZ_NHAZ,EP_HH,W01-05,LT,2006,109,
ESTAT:TEN00110(1.0),13/09/22 11:00:00,A,T,HAZ_NHAZ,EP_HH,W01-05,LT,2008,292,
ESTAT:TEN00110(1.0),13/09/22 11:00:00,A,T,HAZ_NHAZ,EP_HH,W01-05,LU,2004,1062,
ESTAT:TEN00110(1.0),13/09/22 11:00:00,A,T,HAZ_NHAZ,EP_HH,W01-05,LU,2006,245,
ESTAT:TEN00110(1.0),13/09/22 11:00:00,A,T,HAZ_NHAZ,EP_HH,W01-05,LU,2008,113,
ESTAT:TEN00110(1.0),13/09/22 11:00:00,A,T,HAZ_NHAZ,EP_HH,W01-05,LV,2004,0,
ESTAT:TEN00110(1.0),13/09/22 11:00:00,A,T,HAZ_NHAZ,EP_HH,W01-05,LV,2006,12121,
ESTAT:TEN00110(1.0),13/09/22 11:00:00,A,T,HAZ_NHAZ,EP_HH,W01-05,LV,2008,12940,
ESTAT:TEN00110(1.0),13/09/22 11:00:00,A,T,HAZ_NHAZ,EP_HH,W01-05,MK,2008,0,
ESTAT:TEN00110(1.0),13/09/22 11:00:00,A,T,HAZ_NHAZ,EP_HH,W01-05,MT,2004,0,
ESTAT:TEN00110(1.0),13/09/22 11:00:00,A,T,HAZ_NHAZ,EP_HH,W01-05,MT,2006,0,
ESTAT:TEN00110(1.0),13/09/22 11:00:00,A,T,HAZ_NHAZ,EP_HH,W01-05,MT,2008,0,
ESTAT:TEN00110(1.0),13/09/22 11:00:00,A,T,HAZ_NHAZ,EP_HH,W01-05,NL,2004,25020,
ESTAT:TEN00110(1.0),13/09/22 11:00:00,A,T,HAZ_NHAZ,EP_HH,W01-05,NL,2006,18126,
ESTAT:TEN00110(1.0),13/09/22 11:00:00,A,T,HAZ_NHAZ,EP_HH,W01-05,NL,2008,18212,
ESTAT:TEN00110(1.0),13/09/22 11:00:00,A,T,HAZ_NHAZ,EP_HH,W01-05,NO,2004,5922,
ESTAT:TEN00110(1.0),13/09/22 11:00:00,A,T,HAZ_NHAZ,EP_HH,W01-05,NO,2006,6712,
ESTAT:TEN00110(1.0),13/09/22 11:00:00,A,T,HAZ_NHAZ,EP_HH,W01-05,NO,2008,9837,
ESTAT:TEN00110(1.0),13/09/22 11:00:00,A,T,HAZ_NHAZ,EP_HH,W01-05,PL,2004,0,
ESTAT:TEN00110(1.0),13/09/22 11:00:00,A,T,HAZ_NHAZ,EP_HH,W01-05,PL,2006,0,
ESTAT:TEN00110(1.0),13/09/22 11:00:00,A,T,HAZ_NHAZ,EP_HH,W01-05,PL,2008,0,
ESTAT:TEN00110(1.0),13/09/22 11:00:00,A,T,HAZ_NHAZ,EP_HH,W01-05,PT,2004,13089,
ESTAT:TEN00110(1.0),13/09/22 11:00:00,A,T,HAZ_NHAZ,EP_HH,W01-05,PT,2006,0,
ESTAT:TEN00110(1.0),13/09/22 11:00:00,A,T,HAZ_NHAZ,EP_HH,W01-05,PT,2008,0,
ESTAT:TEN00110(1.0),13/09/22 11:00:00,A,T,HAZ_NHAZ,EP_HH,W01-05,RO,2004,0,
ESTAT:TEN00110(1.0),13/09/22 11:00:00,A,T,HAZ_NHAZ,EP_HH,W01-05,RO,2006,0,
ESTAT:TEN00110(1.0),13/09/22 11:00:00,A,T,HAZ_NHAZ,EP_HH,W01-05,RO,2008,0,
ESTAT:TEN00110(1.0),13/09/22 11:00:00,A,T,HAZ_NHAZ,EP_HH,W01-05,SE,2004,22391,
ESTAT:TEN00110(1.0),13/09/22 11:00:00,A,T,HAZ_NHAZ,EP_HH,W01-05,SE,2006,19578,
ESTAT:TEN00110(1.0),13/09/22 11:00:00,A,T,HAZ_NHAZ,EP_HH,W01-05,SE,2008,17878,
ESTAT:TEN00110(1.0),13/09/22 11:00:00,A,T,HAZ_NHAZ,EP_HH,W01-05,SI,2004,3640,
ESTAT:TEN00110(1.0),13/09/22 11:00:00,A,T,HAZ_NHAZ,EP_HH,W01-05,SI,2006,7213,
ESTAT:TEN00110(1.0),13/09/22 11:00:00,A,T,HAZ_NHAZ,EP_HH,W01-05,SI,2008,494,
ESTAT:TEN00110(1.0),13/09/22 11:00:00,A,T,HAZ_NHAZ,EP_HH,W01-05,SK,2004,0,
ESTAT:TEN00110(1.0),13/09/22 11:00:00,A,T,HAZ_NHAZ,EP_HH,W01-05,SK,2006,110,
ESTAT:TEN00110(1.0),13/09/22 11:00:00,A,T,HAZ_NHAZ,EP_HH,W01-05,SK,2008,245,
ESTAT:TEN00110(1.0),13/09/22 11:00:00,A,T,HAZ_NHAZ,EP_HH,W01-05,TR,2004,0,
ESTAT:TEN00110(1.0),13/09/22 11:00:00,A,T,HAZ_NHAZ,EP_HH,W01-05,TR,2006,0,
ESTAT:TEN00110(1.0),13/09/22 11:00:00,A,T,HAZ_NHAZ,EP_HH,W01-05,TR,2008,210845,
ESTAT:TEN00110(1.0),13/09/22 11:00:00,A,T,HAZ_NHAZ,EP_HH,W01-05,UK,2004,8047,
ESTAT:TEN00110(1.0),13/09/22 11:00:00,A,T,HAZ_NHAZ,EP_HH,W01-05,UK,2006,8376,
ESTAT:TEN00110(1.0),13/09/22 11:00:00,A,T,HAZ_NHAZ,EP_HH,W01-05,UK,2008,37936,
ESTAT:TEN00110(1.0),13/09/22 11:00:00,A,T,HAZ_NHAZ,EP_HH,W06_07A,AT,2004,1189407,
ESTAT:TEN00110(1.0),13/09/22 11:00:00,A,T,HAZ_NHAZ,EP_HH,W06_07A,AT,2006,1261460,
ESTAT:TEN00110(1.0),13/09/22 11:00:00,A,T,HAZ_NHAZ,EP_HH,W06_07A,AT,2008,1355424,
ESTAT:TEN00110(1.0),13/09/22 11:00:00,A,T,HAZ_NHAZ,EP_HH,W06_07A,BE,2004,1226692,
ESTAT:TEN00110(1.0),13/09/22 11:00:00,A,T,HAZ_NHAZ,EP_HH,W06_07A,BE,2006,1470707,
ESTAT:TEN00110(1.0),13/09/22 11:00:00,A,T,HAZ_NHAZ,EP_HH,W06_07A,BE,2008,1482660,
ESTAT:TEN00110(1.0),13/09/22 11:00:00,A,T,HAZ_NHAZ,EP_HH,W06_07A,BG,2004,0,
ESTAT:TEN00110(1.0),13/09/22 11:00:00,A,T,HAZ_NHAZ,EP_HH,W06_07A,BG,2006,0,
ESTAT:TEN00110(1.0),13/09/22 11:00:00,A,T,HAZ_NHAZ,EP_HH,W06_07A,BG,2008,0,
ESTAT:TEN00110(1.0),13/09/22 11:00:00,A,T,HAZ_NHAZ,EP_HH,W06_07A,CY,2004,186615,
ESTAT:TEN00110(1.0),13/09/22 11:00:00,A,T,HAZ_NHAZ,EP_HH,W06_07A,CY,2006,180832,
ESTAT:TEN00110(1.0),13/09/22 11:00:00,A,T,HAZ_NHAZ,EP_HH,W06_07A,CY,2008,246045,
ESTAT:TEN00110(1.0),13/09/22 11:00:00,A,T,HAZ_NHAZ,EP_HH,W06_07A,CZ,2004,234548,
ESTAT:TEN00110(1.0),13/09/22 11:00:00,A,T,HAZ_NHAZ,EP_HH,W06_07A,CZ,2006,401862,
ESTAT:TEN00110(1.0),13/09/22 11:00:00,A,T,HAZ_NHAZ,EP_HH,W06_07A,CZ,2008,346489,
ESTAT:TEN00110(1.0),13/09/22 11:00:00,A,T,HAZ_NHAZ,EP_HH,W06_07A,DE,2004,9307363,
ESTAT:TEN00110(1.0),13/09/22 11:00:00,A,T,HAZ_NHAZ,EP_HH,W06_07A,DE,2006,7766518,
ESTAT:TEN00110(1.0),13/09/22 11:00:00,A,T,HAZ_NHAZ,EP_HH,W06_07A,DE,2008,8724215,
ESTAT:TEN00110(1.0),13/09/22 11:00:00,A,T,HAZ_NHAZ,EP_HH,W06_07A,DK,2004,401022,
ESTAT:TEN00110(1.0),13/09/22 11:00:00,A,T,HAZ_NHAZ,EP_HH,W06_07A,DK,2006,420211,
ESTAT:TEN00110(1.0),13/09/22 11:00:00,A,T,HAZ_NHAZ,EP_HH,W06_07A,DK,2008,754719,
ESTAT:TEN00110(1.0),13/09/22 11:00:00,A,T,HAZ_NHAZ,EP_HH,W06_07A,EE,2004,185166,
ESTAT:TEN00110(1.0),13/09/22 11:00:00,A,T,HAZ_NHAZ,EP_HH,W06_07A,EE,2006,203466,
ESTAT:TEN00110(1.0),13/09/22 11:00:00,A,T,HAZ_NHAZ,EP_HH,W06_07A,EE,2008,208662,
ESTAT:TEN00110(1.0),13/09/22 11:00:00,A,T,HAZ_NHAZ,EP_HH,W06_07A,EL,2004,0,
ESTAT:TEN00110(1.0),13/09/22 11:00:00,A,T,HAZ_NHAZ,EP_HH,W06_07A,EL,2006,43410,
ESTAT:TEN00110(1.0),13/09/22 11:00:00,A,T,HAZ_NHAZ,EP_HH,W06_07A,EL,2008,0,
ESTAT:TEN00110(1.0),13/09/22 11:00:00,A,T,HAZ_NHAZ,EP_HH,W06_07A,ES,2004,1511697,
ESTAT:TEN00110(1.0),13/09/22 11:00:00,A,T,HAZ_NHAZ,EP_HH,W06_07A,ES,2006,1611226,
ESTAT:TEN00110(1.0),13/09/22 11:00:00,A,T,HAZ_NHAZ,EP_HH,W06_07A,ES,2008,1995667,
ESTAT:TEN00110(1.0),13/09/22 11:00:00,A,T,HAZ_NHAZ,EP_HH,W06_07A,EU27_2020,2004,28220000,
ESTAT:TEN00110(1.0),13/09/22 11:00:00,A,T,HAZ_NHAZ,EP_HH,W06_07A,EU27_2020,2006,29310000,
ESTAT:TEN00110(1.0),13/09/22 11:00:00,A,T,HAZ_NHAZ,EP_HH,W06_07A,EU27_2020,2008,31050000,
ESTAT:TEN00110(1.0),13/09/22 11:00:00,A,T,HAZ_NHAZ,EP_HH,W06_07A,EU28,2004,31780000,
ESTAT:TEN00110(1.0),13/09/22 11:00:00,A,T,HAZ_NHAZ,EP_HH,W06_07A,EU28,2006,33600000,
ESTAT:TEN00110(1.0),13/09/22 11:00:00,A,T,HAZ_NHAZ,EP_HH,W06_07A,EU28,2008,35220000,
ESTAT:TEN00110(1.0),13/09/22 11:00:00,A,T,HAZ_NHAZ,EP_HH,W06_07A,FI,2004,309680,
ESTAT:TEN00110(1.0),13/09/22 11:00:00,A,T,HAZ_NHAZ,EP_HH,W06_07A,FI,2006,301535,
ESTAT:TEN00110(1.0),13/09/22 11:00:00,A,T,HAZ_NHAZ,EP_HH,W06_07A,FI,2008,396000,
ESTAT:TEN00110(1.0),13/09/22 11:00:00,A,T,HAZ_NHAZ,EP_HH,W06_07A,FR,2004,3204500,
ESTAT:TEN00110(1.0),13/09/22 11:00:00,A,T,HAZ_NHAZ,EP_HH,W06_07A,FR,2006,3348400,
ESTAT:TEN00110(1.0),13/09/22 11:00:00,A,T,HAZ_NHAZ,EP_HH,W06_07A,FR,2008,3731650,
ESTAT:TEN00110(1.0),13/09/22 11:00:00,A,T,HAZ_NHAZ,EP_HH,W06_07A,HR,2004,0,
ESTAT:TEN00110(1.0),13/09/22 11:00:00,A,T,HAZ_NHAZ,EP_HH,W06_07A,HR,2006,32836,
ESTAT:TEN00110(1.0),13/09/22 11:00:00,A,T,HAZ_NHAZ,EP_HH,W06_07A,HR,2008,0,
ESTAT:TEN00110(1.0),13/09/22 11:00:00,A,T,HAZ_NHAZ,EP_HH,W06_07A,HU,2004,527650,
ESTAT:TEN00110(1.0),13/09/22 11:00:00,A,T,HAZ_NHAZ,EP_HH,W06_07A,HU,2006,85432,
ESTAT:TEN00110(1.0),13/09/22 11:00:00,A,T,HAZ_NHAZ,EP_HH,W06_07A,HU,2008,348147,
ESTAT:TEN00110(1.0),13/09/22 11:00:00,A,T,HAZ_NHAZ,EP_HH,W06_07A,IE,2004,853134,
ESTAT:TEN00110(1.0),13/09/22 11:00:00,A,T,HAZ_NHAZ,EP_HH,W06_07A,IE,2006,1055673,
ESTAT:TEN00110(1.0),13/09/22 11:00:00,A,T,HAZ_NHAZ,EP_HH,W06_07A,IS,2004,19950,
ESTAT:TEN00110(1.0),13/09/22 11:00:00,A,T,HAZ_NHAZ,EP_HH,W06_07A,IT,2004,4455799,
ESTAT:TEN00110(1.0),13/09/22 11:00:00,A,T,HAZ_NHAZ,EP_HH,W06_07A,IT,2006,5215385,
ESTAT:TEN00110(1.0),13/09/22 11:00:00,A,T,HAZ_NHAZ,EP_HH,W06_07A,IT,2008,6122828,
ESTAT:TEN00110(1.0),13/09/22 11:00:00,A,T,HAZ_NHAZ,EP_HH,W06_07A,LI,2008,0,
ESTAT:TEN00110(1.0),13/09/22 11:00:00,A,T,HAZ_NHAZ,EP_HH,W06_07A,LT,2004,38325,
ESTAT:TEN00110(1.0),13/09/22 11:00:00,A,T,HAZ_NHAZ,EP_HH,W06_07A,LT,2006,396533,
ESTAT:TEN00110(1.0),13/09/22 11:00:00,A,T,HAZ_NHAZ,EP_HH,W06_07A,LT,2008,466986,
ESTAT:TEN00110(1.0),13/09/22 11:00:00,A,T,HAZ_NHAZ,EP_HH,W06_07A,LU,2004,18152,
ESTAT:TEN00110(1.0),13/09/22 11:00:00,A,T,HAZ_NHAZ,EP_HH,W06_07A,LU,2006,14409,
ESTAT:TEN00110(1.0),13/09/22 11:00:00,A,T,HAZ_NHAZ,EP_HH,W06_07A,LU,2008,48444,
ESTAT:TEN00110(1.0),13/09/22 11:00:00,A,T,HAZ_NHAZ,EP_HH,W06_07A,LV,2004,0,
ESTAT:TEN00110(1.0),13/09/22 11:00:00,A,T,HAZ_NHAZ,EP_HH,W06_07A,LV,2006,33265,
ESTAT:TEN00110(1.0),13/09/22 11:00:00,A,T,HAZ_NHAZ,EP_HH,W06_07A,LV,2008,0,
ESTAT:TEN00110(1.0),13/09/22 11:00:00,A,T,HAZ_NHAZ,EP_HH,W06_07A,MK,2008,0,
ESTAT:TEN00110(1.0),13/09/22 11:00:00,A,T,HAZ_NHAZ,EP_HH,W06_07A,MT,2004,2534,
ESTAT:TEN00110(1.0),13/09/22 11:00:00,A,T,HAZ_NHAZ,EP_HH,W06_07A,MT,2006,3946,
ESTAT:TEN00110(1.0),13/09/22 11:00:00,A,T,HAZ_NHAZ,EP_HH,W06_07A,MT,2008,10539,
ESTAT:TEN00110(1.0),13/09/22 11:00:00,A,T,HAZ_NHAZ,EP_HH,W06_07A,NL,2004,1981407,
ESTAT:TEN00110(1.0),13/09/22 11:00:00,A,T,HAZ_NHAZ,EP_HH,W06_07A,NL,2006,2041565,
ESTAT:TEN00110(1.0),13/09/22 11:00:00,A,T,HAZ_NHAZ,EP_HH,W06_07A,NL,2008,2147148,
ESTAT:TEN00110(1.0),13/09/22 11:00:00,A,T,HAZ_NHAZ,EP_HH,W06_07A,NO,2004,484156,
ESTAT:TEN00110(1.0),13/09/22 11:00:00,A,T,HAZ_NHAZ,EP_HH,W06_07A,NO,2006,630513,
ESTAT:TEN00110(1.0),13/09/22 11:00:00,A,T,HAZ_NHAZ,EP_HH,W06_07A,NO,2008,721726,
ESTAT:TEN00110(1.0),13/09/22 11:00:00,A,T,HAZ_NHAZ,EP_HH,W06_07A,PL,2004,127205,
ESTAT:TEN00110(1.0),13/09/22 11:00:00,A,T,HAZ_NHAZ,EP_HH,W06_07A,PL,2006,201706,
ESTAT:TEN00110(1.0),13/09/22 11:00:00,A,T,HAZ_NHAZ,EP_HH,W06_07A,PL,2008,309315,
ESTAT:TEN00110(1.0),13/09/22 11:00:00,A,T,HAZ_NHAZ,EP_HH,W06_07A,PT,2004,201477,
ESTAT:TEN00110(1.0),13/09/22 11:00:00,A,T,HAZ_NHAZ,EP_HH,W06_07A,PT,2006,0,
ESTAT:TEN00110(1.0),13/09/22 11:00:00,A,T,HAZ_NHAZ,EP_HH,W06_07A,PT,2008,381387,
ESTAT:TEN00110(1.0),13/09/22 11:00:00,A,T,HAZ_NHAZ,EP_HH,W06_07A,RO,2004,1197695,
ESTAT:TEN00110(1.0),13/09/22 11:00:00,A,T,HAZ_NHAZ,EP_HH,W06_07A,RO,2006,2006755,
ESTAT:TEN00110(1.0),13/09/22 11:00:00,A,T,HAZ_NHAZ,EP_HH,W06_07A,RO,2008,721234,
ESTAT:TEN00110(1.0),13/09/22 11:00:00,A,T,HAZ_NHAZ,EP_HH,W06_07A,SE,2004,1010056,
ESTAT:TEN00110(1.0),13/09/22 11:00:00,A,T,HAZ_NHAZ,EP_HH,W06_07A,SE,2006,1062362,
ESTAT:TEN00110(1.0),13/09/22 11:00:00,A,T,HAZ_NHAZ,EP_HH,W06_07A,SE,2008,1054745,
ESTAT:TEN00110(1.0),13/09/22 11:00:00,A,T,HAZ_NHAZ,EP_HH,W06_07A,SI,2004,49462,
ESTAT:TEN00110(1.0),13/09/22 11:00:00,A,T,HAZ_NHAZ,EP_HH,W06_07A,SI,2006,71200,
ESTAT:TEN00110(1.0),13/09/22 11:00:00,A,T,HAZ_NHAZ,EP_HH,W06_07A,SI,2008,71678,
ESTAT:TEN00110(1.0),13/09/22 11:00:00,A,T,HAZ_NHAZ,EP_HH,W06_07A,SK,2004,0,
ESTAT:TEN00110(1.0),13/09/22 11:00:00,A,T,HAZ_NHAZ,EP_HH,W06_07A,SK,2006,80331,
ESTAT:TEN00110(1.0),13/09/22 11:00:00,A,T,HAZ_NHAZ,EP_HH,W06_07A,SK,2008,124245,
ESTAT:TEN00110(1.0),13/09/22 11:00:00,A,T,HAZ_NHAZ,EP_HH,W06_07A,TR,2004,0,
ESTAT:TEN00110(1.0),13/09/22 11:00:00,A,T,HAZ_NHAZ,EP_HH,W06_07A,TR,2006,0,
ESTAT:TEN00110(1.0),13/09/22 11:00:00,A,T,HAZ_NHAZ,EP_HH,W06_07A,TR,2008,1897203,
ESTAT:TEN00110(1.0),13/09/22 11:00:00,A,T,HAZ_NHAZ,EP_HH,W06_07A,UK,2004,3555486,
ESTAT:TEN00110(1.0),13/09/22 11:00:00,A,T,HAZ_NHAZ,EP_HH,W06_07A,UK,2006,4292404,
ESTAT:TEN00110(1.0),13/09/22 11:00:00,A,T,HAZ_NHAZ,EP_HH,W06_07A,UK,2008,4174687,
ESTAT:TEN00110(1.0),13/09/22 11:00:00,A,T,HAZ_NHAZ,EP_HH,W077_08,AT,2004,65978,
ESTAT:TEN00110(1.0),13/09/22 11:00:00,A,T,HAZ_NHAZ,EP_HH,W077_08,AT,2006,92858,
ESTAT:TEN00110(1.0),13/09/22 11:00:00,A,T,HAZ_NHAZ,EP_HH,W077_08,AT,2008,96216,
ESTAT:TEN00110(1.0),13/09/22 11:00:00,A,T,HAZ_NHAZ,EP_HH,W077_08,BE,2004,212990,
ESTAT:TEN00110(1.0),13/09/22 11:00:00,A,T,HAZ_NHAZ,EP_HH,W077_08,BE,2006,228033,
ESTAT:TEN00110(1.0),13/09/22 11:00:00,A,T,HAZ_NHAZ,EP_HH,W077_08,BE,2008,215341,
ESTAT:TEN00110(1.0),13/09/22 11:00:00,A,T,HAZ_NHAZ,EP_HH,W077_08,BG,2004,0,
ESTAT:TEN00110(1.0),13/09/22 11:00:00,A,T,HAZ_NHAZ,EP_HH,W077_08,BG,2006,0,
ESTAT:TEN00110(1.0),13/09/22 11:00:00,A,T,HAZ_NHAZ,EP_HH,W077_08,BG,2008,0,
ESTAT:TEN00110(1.0),13/09/22 11:00:00,A,T,HAZ_NHAZ,EP_HH,W077_08,CY,2004,0,
ESTAT:TEN00110(1.0),13/09/22 11:00:00,A,T,HAZ_NHAZ,EP_HH,W077_08,CY,2006,3152,
ESTAT:TEN00110(1.0),13/09/22 11:00:00,A,T,HAZ_NHAZ,EP_HH,W077_08,CY,2008,8449,
ESTAT:TEN00110(1.0),13/09/22 11:00:00,A,T,HAZ_NHAZ,EP_HH,W077_08,CZ,2004,15994,
ESTAT:TEN00110(1.0),13/09/22 11:00:00,A,T,HAZ_NHAZ,EP_HH,W077_08,CZ,2006,7711,
ESTAT:TEN00110(1.0),13/09/22 11:00:00,A,T,HAZ_NHAZ,EP_HH,W077_08,CZ,2008,2405,
ESTAT:TEN00110(1.0),13/09/22 11:00:00,A,T,HAZ_NHAZ,EP_HH,W077_08,DE,2004,311418,
ESTAT:TEN00110(1.0),13/09/22 11:00:00,A,T,HAZ_NHAZ,EP_HH,W077_08,DE,2006,286638,
ESTAT:TEN00110(1.0),13/09/22 11:00:00,A,T,HAZ_NHAZ,EP_HH,W077_08,DE,2008,401729,
ESTAT:TEN00110(1.0),13/09/22 11:00:00,A,T,HAZ_NHAZ,EP_HH,W077_08,DK,2004,2259,
ESTAT:TEN00110(1.0),13/09/22 11:00:00,A,T,HAZ_NHAZ,EP_HH,W077_08,DK,2006,2060,
ESTAT:TEN00110(1.0),13/09/22 11:00:00,A,T,HAZ_NHAZ,EP_HH,W077_08,DK,2008,31844,
ESTAT:TEN00110(1.0),13/09/22 11:00:00,A,T,HAZ_NHAZ,EP_HH,W077_08,EE,2004,7223,
ESTAT:TEN00110(1.0),13/09/22 11:00:00,A,T,HAZ_NHAZ,EP_HH,W077_08,EE,2006,11327,
ESTAT:TEN00110(1.0),13/09/22 11:00:00,A,T,HAZ_NHAZ,EP_HH,W077_08,EE,2008,16281,
ESTAT:TEN00110(1.0),13/09/22 11:00:00,A,T,HAZ_NHAZ,EP_HH,W077_08,EL,2004,0,
ESTAT:TEN00110(1.0),13/09/22 11:00:00,A,T,HAZ_NHAZ,EP_HH,W077_08,EL,2006,0,
ESTAT:TEN00110(1.0),13/09/22 11:00:00,A,T,HAZ_NHAZ,EP_HH,W077_08,EL,2008,0,
ESTAT:TEN00110(1.0),13/09/22 11:00:00,A,T,HAZ_NHAZ,EP_HH,W077_08,ES,2004,153893,
ESTAT:TEN00110(1.0),13/09/22 11:00:00,A,T,HAZ_NHAZ,EP_HH,W077_08,ES,2006,91389,
ESTAT:TEN00110(1.0),13/09/22 11:00:00,A,T,HAZ_NHAZ,EP_HH,W077_08,ES,2008,111876,
ESTAT:TEN00110(1.0),13/09/22 11:00:00,A,T,HAZ_NHAZ,EP_HH,W077_08,EU27_2020,2004,1610000,
ESTAT:TEN00110(1.0),13/09/22 11:00:00,A,T,HAZ_NHAZ,EP_HH,W077_08,EU27_2020,2006,1700000,
ESTAT:TEN00110(1.0),13/09/22 11:00:00,A,T,HAZ_NHAZ,EP_HH,W077_08,EU27_2020,2008,1930000,
ESTAT:TEN00110(1.0),13/09/22 11:00:00,A,T,HAZ_NHAZ,EP_HH,W077_08,EU28,2004,2240000,
ESTAT:TEN00110(1.0),13/09/22 11:00:00,A,T,HAZ_NHAZ,EP_HH,W077_08,EU28,2006,2890000,
ESTAT:TEN00110(1.0),13/09/22 11:00:00,A,T,HAZ_NHAZ,EP_HH,W077_08,EU28,2008,3130000,
ESTAT:TEN00110(1.0),13/09/22 11:00:00,A,T,HAZ_NHAZ,EP_HH,W077_08,FI,2004,8529,
ESTAT:TEN00110(1.0),13/09/22 11:00:00,A,T,HAZ_NHAZ,EP_HH,W077_08,FI,2006,20522,
ESTAT:TEN00110(1.0),13/09/22 11:00:00,A,T,HAZ_NHAZ,EP_HH,W077_08,FI,2008,35855,
ESTAT:TEN00110(1.0),13/09/22 11:00:00,A,T,HAZ_NHAZ,EP_HH,W077_08,FR,2004,9000,
ESTAT:TEN00110(1.0),13/09/22 11:00:00,A,T,HAZ_NHAZ,EP_HH,W077_08,FR,2006,36800,
ESTAT:TEN00110(1.0),13/09/22 11:00:00,A,T,HAZ_NHAZ,EP_HH,W077_08,FR,2008,94910,
ESTAT:TEN00110(1.0),13/09/22 11:00:00,A,T,HAZ_NHAZ,EP_HH,W077_08,HR,2004,0,
ESTAT:TEN00110(1.0),13/09/22 11:00:00,A,T,HAZ_NHAZ,EP_HH,W077_08,HR,2006,3324,
ESTAT:TEN00110(1.0),13/09/22 11:00:00,A,T,HAZ_NHAZ,EP_HH,W077_08,HR,2008,0,
ESTAT:TEN00110(1.0),13/09/22 11:00:00,A,T,HAZ_NHAZ,EP_HH,W077_08,HU,2004,0,
ESTAT:TEN00110(1.0),13/09/22 11:00:00,A,T,HAZ_NHAZ,EP_HH,W077_08,HU,2006,0,
ESTAT:TEN00110(1.0),13/09/22 11:00:00,A,T,HAZ_NHAZ,EP_HH,W077_08,HU,2008,42537,
ESTAT:TEN00110(1.0),13/09/22 11:00:00,A,T,HAZ_NHAZ,EP_HH,W077_08,IE,2004,15894,
ESTAT:TEN00110(1.0),13/09/22 11:00:00,A,T,HAZ_NHAZ,EP_HH,W077_08,IE,2006,602,
ESTAT:TEN00110(1.0),13/09/22 11:00:00,A,T,HAZ_NHAZ,EP_HH,W077_08,IS,2004,537,
ESTAT:TEN00110(1.0),13/09/22 11:00:00,A,T,HAZ_NHAZ,EP_HH,W077_08,IT,2004,85397,
ESTAT:TEN00110(1.0),13/09/22 11:00:00,A,T,HAZ_NHAZ,EP_HH,W077_08,IT,2006,126268,
ESTAT:TEN00110(1.0),13/09/22 11:00:00,A,T,HAZ_NHAZ,EP_HH,W077_08,IT,2008,171698,
ESTAT:TEN00110(1.0),13/09/22 11:00:00,A,T,HAZ_NHAZ,EP_HH,W077_08,LI,2008,0,
ESTAT:TEN00110(1.0),13/09/22 11:00:00,A,T,HAZ_NHAZ,EP_HH,W077_08,LT,2004,8445,
ESTAT:TEN00110(1.0),13/09/22 11:00:00,A,T,HAZ_NHAZ,EP_HH,W077_08,LT,2006,8886,
ESTAT:TEN00110(1.0),13/09/22 11:00:00,A,T,HAZ_NHAZ,EP_HH,W077_08,LT,2008,21794,
ESTAT:TEN00110(1.0),13/09/22 11:00:00,A,T,HAZ_NHAZ,EP_HH,W077_08,LU,2004,1518,
ESTAT:TEN00110(1.0),13/09/22 11:00:00,A,T,HAZ_NHAZ,EP_HH,W077_08,LU,2006,2625,
ESTAT:TEN00110(1.0),13/09/22 11:00:00,A,T,HAZ_NHAZ,EP_HH,W077_08,LU,2008,3815,
ESTAT:TEN00110(1.0),13/09/22 11:00:00,A,T,HAZ_NHAZ,EP_HH,W077_08,LV,2004,0,
ESTAT:TEN00110(1.0),13/09/22 11:00:00,A,T,HAZ_NHAZ,EP_HH,W077_08,LV,2006,10260,
ESTAT:TEN00110(1.0),13/09/22 11:00:00,A,T,HAZ_NHAZ,EP_HH,W077_08,LV,2008,19593,
ESTAT:TEN00110(1.0),13/09/22 11:00:00,A,T,HAZ_NHAZ,EP_HH,W077_08,MK,2008,0,
ESTAT:TEN00110(1.0),13/09/22 11:00:00,A,T,HAZ_NHAZ,EP_HH,W077_08,MT,2004,4964,
ESTAT:TEN00110(1.0),13/09/22 11:00:00,A,T,HAZ_NHAZ,EP_HH,W077_08,MT,2006,2861,
ESTAT:TEN00110(1.0),13/09/22 11:00:00,A,T,HAZ_NHAZ,EP_HH,W077_08,MT,2008,3080,
ESTAT:TEN00110(1.0),13/09/22 11:00:00,A,T,HAZ_NHAZ,EP_HH,W077_08,NL,2004,345875,
ESTAT:TEN00110(1.0),13/09/22 11:00:00,A,T,HAZ_NHAZ,EP_HH,W077_08,NL,2006,307193,
ESTAT:TEN00110(1.0),13/09/22 11:00:00,A,T,HAZ_NHAZ,EP_HH,W077_08,NL,2008,285007,
ESTAT:TEN00110(1.0),13/09/22 11:00:00,A,T,HAZ_NHAZ,EP_HH,W077_08,NO,2004,213074,
ESTAT:TEN00110(1.0),13/09/22 11:00:00,A,T,HAZ_NHAZ,EP_HH,W077_08,NO,2006,136064,
ESTAT:TEN00110(1.0),13/09/22 11:00:00,A,T,HAZ_NHAZ,EP_HH,W077_08,NO,2008,141691,
ESTAT:TEN00110(1.0),13/09/22 11:00:00,A,T,HAZ_NHAZ,EP_HH,W077_08,PL,2004,42,
ESTAT:TEN00110(1.0),13/09/22 11:00:00,A,T,HAZ_NHAZ,EP_HH,W077_08,PL,2006,472,
ESTAT:TEN00110(1.0),13/09/22 11:00:00,A,T,HAZ_NHAZ,EP_HH,W077_08,PL,2008,12210,
ESTAT:TEN00110(1.0),13/09/22 11:00:00,A,T,HAZ_NHAZ,EP_HH,W077_08,PT,2004,34,
ESTAT:TEN00110(1.0),13/09/22 11:00:00,A,T,HAZ_NHAZ,EP_HH,W077_08,PT,2006,0,
ESTAT:TEN00110(1.0),13/09/22 11:00:00,A,T,HAZ_NHAZ,EP_HH,W077_08,PT,2008,6766,
ESTAT:TEN00110(1.0),13/09/22 11:00:00,A,T,HAZ_NHAZ,EP_HH,W077_08,RO,2004,0,
ESTAT:TEN00110(1.0),13/09/22 11:00:00,A,T,HAZ_NHAZ,EP_HH,W077_08,RO,2006,261,
ESTAT:TEN00110(1.0),13/09/22 11:00:00,A,T,HAZ_NHAZ,EP_HH,W077_08,RO,2008,17984,
ESTAT:TEN00110(1.0),13/09/22 11:00:00,A,T,HAZ_NHAZ,EP_HH,W077_08,SE,2004,351188,
ESTAT:TEN00110(1.0),13/09/22 11:00:00,A,T,HAZ_NHAZ,EP_HH,W077_08,SE,2006,452529,
ESTAT:TEN00110(1.0),13/09/22 11:00:00,A,T,HAZ_NHAZ,EP_HH,W077_08,SE,2008,309315,
ESTAT:TEN00110(1.0),13/09/22 11:00:00,A,T,HAZ_NHAZ,EP_HH,W077_08,SI,2004,2442,
ESTAT:TEN00110(1.0),13/09/22 11:00:00,A,T,HAZ_NHAZ,EP_HH,W077_08,SI,2006,5833,
ESTAT:TEN00110(1.0),13/09/22 11:00:00,A,T,HAZ_NHAZ,EP_HH,W077_08,SI,2008,6692,
ESTAT:TEN00110(1.0),13/09/22 11:00:00,A,T,HAZ_NHAZ,EP_HH,W077_08,SK,2004,0,
ESTAT:TEN00110(1.0),13/09/22 11:00:00,A,T,HAZ_NHAZ,EP_HH,W077_08,SK,2006,4044,
ESTAT:TEN00110(1.0),13/09/22 11:00:00,A,T,HAZ_NHAZ,EP_HH,W077_08,SK,2008,6781,
ESTAT:TEN00110(1.0),13/09/22 11:00:00,A,T,HAZ_NHAZ,EP_HH,W077_08,TR,2004,0,
ESTAT:TEN00110(1.0),13/09/22 11:00:00,A,T,HAZ_NHAZ,EP_HH,W077_08,TR,2006,0,
ESTAT:TEN00110(1.0),13/09/22 11:00:00,A,T,HAZ_NHAZ,EP_HH,W077_08,TR,2008,296,
ESTAT:TEN00110(1.0),13/09/22 11:00:00,A,T,HAZ_NHAZ,EP_HH,W077_08,UK,2004,632686,
ESTAT:TEN00110(1.0),13/09/22 11:00:00,A,T,HAZ_NHAZ,EP_HH,W077_08,UK,2006,1188995,
ESTAT:TEN00110(1.0),13/09/22 11:00:00,A,T,HAZ_NHAZ,EP_HH,W077_08,UK,2008,1203863,
ESTAT:TEN00110(1.0),13/09/22 11:00:00,A,T,HAZ_NHAZ,EP_HH,W09,AT,2004,546300,
ESTAT:TEN00110(1.0),13/09/22 11:00:00,A,T,HAZ_NHAZ,EP_HH,W09,AT,2006,661300,
ESTAT:TEN00110(1.0),13/09/22 11:00:00,A,T,HAZ_NHAZ,EP_HH,W09,AT,2008,714900,
ESTAT:TEN00110(1.0),13/09/22 11:00:00,A,T,HAZ_NHAZ,EP_HH,W09,BE,2004,1191731,
ESTAT:TEN00110(1.0),13/09/22 11:00:00,A,T,HAZ_NHAZ,EP_HH,W09,BE,2006,934760,
ESTAT:TEN00110(1.0),13/09/22 11:00:00,A,T,HAZ_NHAZ,EP_HH,W09,BE,2008,960330,
ESTAT:TEN00110(1.0),13/09/22 11:00:00,A,T,HAZ_NHAZ,EP_HH,W09,BG,2004,0,
ESTAT:TEN00110(1.0),13/09/22 11:00:00,A,T,HAZ_NHAZ,EP_HH,W09,BG,2006,0,
ESTAT:TEN00110(1.0),13/09/22 11:00:00,A,T,HAZ_NHAZ,EP_HH,W09,BG,2008,0,
ESTAT:TEN00110(1.0),13/09/22 11:00:00,A,T,HAZ_NHAZ,EP_HH,W09,CY,2004,0,
ESTAT:TEN00110(1.0),13/09/22 11:00:00,A,T,HAZ_NHAZ,EP_HH,W09,CY,2006,0,
ESTAT:TEN00110(1.0),13/09/22 11:00:00,A,T,HAZ_NHAZ,EP_HH,W09,CY,2008,41310,
ESTAT:TEN00110(1.0),13/09/22 11:00:00,A,T,HAZ_NHAZ,EP_HH,W09,CZ,2004,64363,
ESTAT:TEN00110(1.0),13/09/22 11:00:00,A,T,HAZ_NHAZ,EP_HH,W09,CZ,2006,108723,
ESTAT:TEN00110(1.0),13/09/22 11:00:00,A,T,HAZ_NHAZ,EP_HH,W09,CZ,2008,131785,
ESTAT:TEN00110(1.0),13/09/22 11:00:00,A,T,HAZ_NHAZ,EP_HH,W09,DE,2004,4290273,
ESTAT:TEN00110(1.0),13/09/22 11:00:00,A,T,HAZ_NHAZ,EP_HH,W09,DE,2006,7676471,
ESTAT:TEN00110(1.0),13/09/22 11:00:00,A,T,HAZ_NHAZ,EP_HH,W09,DE,2008,8082615,
ESTAT:TEN00110(1.0),13/09/22 11:00:00,A,T,HAZ_NHAZ,EP_HH,W09,DK,2004,52558,
ESTAT:TEN00110(1.0),13/09/22 11:00:00,A,T,HAZ_NHAZ,EP_HH,W09,DK,2006,38923,
ESTAT:TEN00110(1.0),13/09/22 11:00:00,A,T,HAZ_NHAZ,EP_HH,W09,DK,2008,36560,
ESTAT:TEN00110(1.0),13/09/22 11:00:00,A,T,HAZ_NHAZ,EP_HH,W09,EE,2004,819,
ESTAT:TEN00110(1.0),13/09/22 11:00:00,A,T,HAZ_NHAZ,EP_HH,W09,EE,2006,1298,
ESTAT:TEN00110(1.0),13/09/22 11:00:00,A,T,HAZ_NHAZ,EP_HH,W09,EE,2008,10992,
ESTAT:TEN00110(1.0),13/09/22 11:00:00,A,T,HAZ_NHAZ,EP_HH,W09,EL,2004,0,
ESTAT:TEN00110(1.0),13/09/22 11:00:00,A,T,HAZ_NHAZ,EP_HH,W09,EL,2006,0,
ESTAT:TEN00110(1.0),13/09/22 11:00:00,A,T,HAZ_NHAZ,EP_HH,W09,EL,2008,0,
ESTAT:TEN00110(1.0),13/09/22 11:00:00,A,T,HAZ_NHAZ,EP_HH,W09,ES,2004,12780,
ESTAT:TEN00110(1.0),13/09/22 11:00:00,A,T,HAZ_NHAZ,EP_HH,W09,ES,2006,10002,
ESTAT:TEN00110(1.0),13/09/22 11:00:00,A,T,HAZ_NHAZ,EP_HH,W09,ES,2008,403332,
ESTAT:TEN00110(1.0),13/09/22 11:00:00,A,T,HAZ_NHAZ,EP_HH,W09,EU27_2020,2004,13880000,
ESTAT:TEN00110(1.0),13/09/22 11:00:00,A,T,HAZ_NHAZ,EP_HH,W09,EU27_2020,2006,18070000,
ESTAT:TEN00110(1.0),13/09/22 11:00:00,A,T,HAZ_NHAZ,EP_HH,W09,EU27_2020,2008,19770000,
ESTAT:TEN00110(1.0),13/09/22 11:00:00,A,T,HAZ_NHAZ,EP_HH,W09,EU28,2004,16160000,
ESTAT:TEN00110(1.0),13/09/22 11:00:00,A,T,HAZ_NHAZ,EP_HH,W09,EU28,2006,21310000,
ESTAT:TEN00110(1.0),13/09/22 11:00:00,A,T,HAZ_NHAZ,EP_HH,W09,EU28,2008,23810000,
ESTAT:TEN00110(1.0),13/09/22 11:00:00,A,T,HAZ_NHAZ,EP_HH,W09,FI,2004,64874,
ESTAT:TEN00110(1.0),13/09/22 11:00:00,A,T,HAZ_NHAZ,EP_HH,W09,FI,2006,95102,
ESTAT:TEN00110(1.0),13/09/22 11:00:00,A,T,HAZ_NHAZ,EP_HH,W09,FI,2008,178600,
ESTAT:TEN00110(1.0),13/09/22 11:00:00,A,T,HAZ_NHAZ,EP_HH,W09,FR,2004,2619000,
ESTAT:TEN00110(1.0),13/09/22 11:00:00,A,T,HAZ_NHAZ,EP_HH,W09,FR,2006,2973800,
ESTAT:TEN00110(1.0),13/09/22 11:00:00,A,T,HAZ_NHAZ,EP_HH,W09,FR,2008,3364000,
ESTAT:TEN00110(1.0),13/09/22 11:00:00,A,T,HAZ_NHAZ,EP_HH,W09,HR,2004,0,
ESTAT:TEN00110(1.0),13/09/22 11:00:00,A,T,HAZ_NHAZ,EP_HH,W09,HR,2006,0,
ESTAT:TEN00110(1.0),13/09/22 11:00:00,A,T,HAZ_NHAZ,EP_HH,W09,HR,2008,0,
ESTAT:TEN00110(1.0),13/09/22 11:00:00,A,T,HAZ_NHAZ,EP_HH,W09,HU,2004,102240,
ESTAT:TEN00110(1.0),13/09/22 11:00:00,A,T,HAZ_NHAZ,EP_HH,W09,HU,2006,45509,
ESTAT:TEN00110(1.0),13/09/22 11:00:00,A,T,HAZ_NHAZ,EP_HH,W09,HU,2008,55357,
ESTAT:TEN00110(1.0),13/09/22 11:00:00,A,T,HAZ_NHAZ,EP_HH,W09,IE,2004,470175,
ESTAT:TEN00110(1.0),13/09/22 11:00:00,A,T,HAZ_NHAZ,EP_HH,W09,IE,2006,538651,
ESTAT:TEN00110(1.0),13/09/22 11:00:00,A,T,HAZ_NHAZ,EP_HH,W09,IS,2004,11000,
ESTAT:TEN00110(1.0),13/09/22 11:00:00,A,T,HAZ_NHAZ,EP_HH,W09,IT,2004,2218995,
ESTAT:TEN00110(1.0),13/09/22 11:00:00,A,T,HAZ_NHAZ,EP_HH,W09,IT,2006,2706793,
ESTAT:TEN00110(1.0),13/09/22 11:00:00,A,T,HAZ_NHAZ,EP_HH,W09,IT,2008,3326060,
ESTAT:TEN00110(1.0),13/09/22 11:00:00,A,T,HAZ_NHAZ,EP_HH,W09,LI,2008,0,
ESTAT:TEN00110(1.0),13/09/22 11:00:00,A,T,HAZ_NHAZ,EP_HH,W09,LT,2004,15315,
ESTAT:TEN00110(1.0),13/09/22 11:00:00,A,T,HAZ_NHAZ,EP_HH,W09,LT,2006,755,
ESTAT:TEN00110(1.0),13/09/22 11:00:00,A,T,HAZ_NHAZ,EP_HH,W09,LT,2008,22074,
ESTAT:TEN00110(1.0),13/09/22 11:00:00,A,T,HAZ_NHAZ,EP_HH,W09,LU,2004,59488,
ESTAT:TEN00110(1.0),13/09/22 11:00:00,A,T,HAZ_NHAZ,EP_HH,W09,LU,2006,62538,
ESTAT:TEN00110(1.0),13/09/22 11:00:00,A,T,HAZ_NHAZ,EP_HH,W09,LU,2008,71298,
ESTAT:TEN00110(1.0),13/09/22 11:00:00,A,T,HAZ_NHAZ,EP_HH,W09,LV,2004,0,
ESTAT:TEN00110(1.0),13/09/22 11:00:00,A,T,HAZ_NHAZ,EP_HH,W09,LV,2006,10466,
ESTAT:TEN00110(1.0),13/09/22 11:00:00,A,T,HAZ_NHAZ,EP_HH,W09,LV,2008,0,
ESTAT:TEN00110(1.0),13/09/22 11:00:00,A,T,HAZ_NHAZ,EP_HH,W09,MK,2008,0,
ESTAT:TEN00110(1.0),13/09/22 11:00:00,A,T,HAZ_NHAZ,EP_HH,W09,MT,2004,1876,
ESTAT:TEN00110(1.0),13/09/22 11:00:00,A,T,HAZ_NHAZ,EP_HH,W09,MT,2006,2283,
ESTAT:TEN00110(1.0),13/09/22 11:00:00,A,T,HAZ_NHAZ,EP_HH,W09,MT,2008,1697,
ESTAT:TEN00110(1.0),13/09/22 11:00:00,A,T,HAZ_NHAZ,EP_HH,W09,NL,2004,1803333,
ESTAT:TEN00110(1.0),13/09/22 11:00:00,A,T,HAZ_NHAZ,EP_HH,W09,NL,2006,1703416,
ESTAT:TEN00110(1.0),13/09/22 11:00:00,A,T,HAZ_NHAZ,EP_HH,W09,NL,2008,1718126,
ESTAT:TEN00110(1.0),13/09/22 11:00:00,A,T,HAZ_NHAZ,EP_HH,W09,NO,2004,242612,
ESTAT:TEN00110(1.0),13/09/22 11:00:00,A,T,HAZ_NHAZ,EP_HH,W09,NO,2006,271681,
ESTAT:TEN00110(1.0),13/09/22 11:00:00,A,T,HAZ_NHAZ,EP_HH,W09,NO,2008,312000,
ESTAT:TEN00110(1.0),13/09/22 11:00:00,A,T,HAZ_NHAZ,EP_HH,W09,PL,2004,0,
ESTAT:TEN00110(1.0),13/09/22 11:00:00,A,T,HAZ_NHAZ,EP_HH,W09,PL,2006,0,
ESTAT:TEN00110(1.0),13/09/22 11:00:00,A,T,HAZ_NHAZ,EP_HH,W09,PL,2008,0,
ESTAT:TEN00110(1.0),13/09/22 11:00:00,A,T,HAZ_NHAZ,EP_HH,W09,PT,2004,0,
ESTAT:TEN00110(1.0),13/09/22 11:00:00,A,T,HAZ_NHAZ,EP_HH,W09,PT,2006,0,
ESTAT:TEN00110(1.0),13/09/22 11:00:00,A,T,HAZ_NHAZ,EP_HH,W09,PT,2008,721,
ESTAT:TEN00110(1.0),13/09/22 11:00:00,A,T,HAZ_NHAZ,EP_HH,W09,RO,2004,0,
ESTAT:TEN00110(1.0),13/09/22 11:00:00,A,T,HAZ_NHAZ,EP_HH,W09,RO,2006,0,
ESTAT:TEN00110(1.0),13/09/22 11:00:00,A,T,HAZ_NHAZ,EP_HH,W09,RO,2008,36720,
ESTAT:TEN00110(1.0),13/09/22 11:00:00,A,T,HAZ_NHAZ,EP_HH,W09,SE,2004,353300,
ESTAT:TEN00110(1.0),13/09/22 11:00:00,A,T,HAZ_NHAZ,EP_HH,W09,SE,2006,386011,
ESTAT:TEN00110(1.0),13/09/22 11:00:00,A,T,HAZ_NHAZ,EP_HH,W09,SE,2008,490144,
ESTAT:TEN00110(1.0),13/09/22 11:00:00,A,T,HAZ_NHAZ,EP_HH,W09,SI,2004,12928,
ESTAT:TEN00110(1.0),13/09/22 11:00:00,A,T,HAZ_NHAZ,EP_HH,W09,SI,2006,25227,
ESTAT:TEN00110(1.0),13/09/22 11:00:00,A,T,HAZ_NHAZ,EP_HH,W09,SI,2008,42190,
ESTAT:TEN00110(1.0),13/09/22 11:00:00,A,T,HAZ_NHAZ,EP_HH,W09,SK,2004,0,
ESTAT:TEN00110(1.0),13/09/22 11:00:00,A,T,HAZ_NHAZ,EP_HH,W09,SK,2006,78546,
ESTAT:TEN00110(1.0),13/09/22 11:00:00,A,T,HAZ_NHAZ,EP_HH,W09,SK,2008,88442,
ESTAT:TEN00110(1.0),13/09/22 11:00:00,A,T,HAZ_NHAZ,EP_HH,W09,TR,2004,0,
ESTAT:TEN00110(1.0),13/09/22 11:00:00,A,T,HAZ_NHAZ,EP_HH,W09,TR,2006,0,
ESTAT:TEN00110(1.0),13/09/22 11:00:00,A,T,HAZ_NHAZ,EP_HH,W09,TR,2008,428162,
ESTAT:TEN00110(1.0),13/09/22 11:00:00,A,T,HAZ_NHAZ,EP_HH,W09,UK,2004,2279043,
ESTAT:TEN00110(1.0),13/09/22 11:00:00,A,T,HAZ_NHAZ,EP_HH,W09,UK,2006,3244433,
ESTAT:TEN00110(1.0),13/09/22 11:00:00,A,T,HAZ_NHAZ,EP_HH,W09,UK,2008,4035243,
ESTAT:TEN00110(1.0),13/09/22 11:00:00,A,T,HAZ_NHAZ,EP_HH,W10,AT,2004,1631194,
ESTAT:TEN00110(1.0),13/09/22 11:00:00,A,T,HAZ_NHAZ,EP_HH,W10,AT,2006,1688157,
ESTAT:TEN00110(1.0),13/09/22 11:00:00,A,T,HAZ_NHAZ,EP_HH,W10,AT,2008,1643285,
ESTAT:TEN00110(1.0),13/09/22 11:00:00,A,T,HAZ_NHAZ,EP_HH,W10,BE,2004,1807896,
ESTAT:TEN00110(1.0),13/09/22 11:00:00,A,T,HAZ_NHAZ,EP_HH,W10,BE,2006,1541481,
ESTAT:TEN00110(1.0),13/09/22 11:00:00,A,T,HAZ_NHAZ,EP_HH,W10,BE,2008,1681410,
ESTAT:TEN00110(1.0),13/09/22 11:00:00,A,T,HAZ_NHAZ,EP_HH,W10,BG,2004,2633592,
ESTAT:TEN00110(1.0),13/09/22 11:00:00,A,T,HAZ_NHAZ,EP_HH,W10,BG,2006,2928981,
ESTAT:TEN00110(1.0),13/09/22 11:00:00,A,T,HAZ_NHAZ,EP_HH,W10,BG,2008,2907121,
ESTAT:TEN00110(1.0),13/09/22 11:00:00,A,T,HAZ_NHAZ,EP_HH,W10,CY,2004,180738,
ESTAT:TEN00110(1.0),13/09/22 11:00:00,A,T,HAZ_NHAZ,EP_HH,W10,CY,2006,171276,
ESTAT:TEN00110(1.0),13/09/22 11:00:00,A,T,HAZ_NHAZ,EP_HH,W10,CY,2008,98259,
ESTAT:TEN00110(1.0),13/09/22 11:00:00,A,T,HAZ_NHAZ,EP_HH,W10,CZ,2004,2497793,
ESTAT:TEN00110(1.0),13/09/22 11:00:00,A,T,HAZ_NHAZ,EP_HH,W10,CZ,2006,2645958,
ESTAT:TEN00110(1.0),13/09/22 11:00:00,A,T,HAZ_NHAZ,EP_HH,W10,CZ,2008,2665624,
ESTAT:TEN00110(1.0),13/09/22 11:00:00,A,T,HAZ_NHAZ,EP_HH,W10,DE,2004,24060010,
ESTAT:TEN00110(1.0),13/09/22 11:00:00,A,T,HAZ_NHAZ,EP_HH,W10,DE,2006,18878223,
ESTAT:TEN00110(1.0),13/09/22 11:00:00,A,T,HAZ_NHAZ,EP_HH,W10,DE,2008,18525137,
ESTAT:TEN00110(1.0),13/09/22 11:00:00,A,T,HAZ_NHAZ,EP_HH,W10,DK,2004,1481559,
ESTAT:TEN00110(1.0),13/09/22 11:00:00,A,T,HAZ_NHAZ,EP_HH,W10,DK,2006,1544669,
ESTAT:TEN00110(1.0),13/09/22 11:00:00,A,T,HAZ_NHAZ,EP_HH,W10,DK,2008,1556991,
ESTAT:TEN00110(1.0),13/09/22 11:00:00,A,T,HAZ_NHAZ,EP_HH,W10,EE,2004,176259,
ESTAT:TEN00110(1.0),13/09/22 11:00:00,A,T,HAZ_NHAZ,EP_HH,W10,EE,2006,164789,
ESTAT:TEN00110(1.0),13/09/22 11:00:00,A,T,HAZ_NHAZ,EP_HH,W10,EE,2008,176151,
ESTAT:TEN00110(1.0),13/09/22 11:00:00,A,T,HAZ_NHAZ,EP_HH,W10,EL,2004,4212962,
ESTAT:TEN00110(1.0),13/09/22 11:00:00,A,T,HAZ_NHAZ,EP_HH,W10,EL,2006,4088124,
ESTAT:TEN00110(1.0),13/09/22 11:00:00,A,T,HAZ_NHAZ,EP_HH,W10,EL,2008,3954486,
ESTAT:TEN00110(1.0),13/09/22 11:00:00,A,T,HAZ_NHAZ,EP_HH,W10,ES,2004,20121000,
ESTAT:TEN00110(1.0),13/09/22 11:00:00,A,T,HAZ_NHAZ,EP_HH,W10,ES,2006,20401721,
ESTAT:TEN00110(1.0),13/09/22 11:00:00,A,T,HAZ_NHAZ,EP_HH,W10,ES,2008,20912109,
ESTAT:TEN00110(1.0),13/09/22 11:00:00,A,T,HAZ_NHAZ,EP_HH,W10,EU27_2020,2004,129970000,
ESTAT:TEN00110(1.0),13/09/22 11:00:00,A,T,HAZ_NHAZ,EP_HH,W10,EU27_2020,2006,129340000,
ESTAT:TEN00110(1.0),13/09/22 11:00:00,A,T,HAZ_NHAZ,EP_HH,W10,EU27_2020,2008,128590000,
ESTAT:TEN00110(1.0),13/09/22 11:00:00,A,T,HAZ_NHAZ,EP_HH,W10,EU28,2004,154430000,
ESTAT:TEN00110(1.0),13/09/22 11:00:00,A,T,HAZ_NHAZ,EP_HH,W10,EU28,2006,152430000,
ESTAT:TEN00110(1.0),13/09/22 11:00:00,A,T,HAZ_NHAZ,EP_HH,W10,EU28,2008,149760000,
ESTAT:TEN00110(1.0),13/09/22 11:00:00,A,T,HAZ_NHAZ,EP_HH,W10,FI,2004,779609,
ESTAT:TEN00110(1.0),13/09/22 11:00:00,A,T,HAZ_NHAZ,EP_HH,W10,FI,2006,772587,
ESTAT:TEN00110(1.0),13/09/22 11:00:00,A,T,HAZ_NHAZ,EP_HH,W10,FI,2008,1063591,
ESTAT:TEN00110(1.0),13/09/22 11:00:00,A,T,HAZ_NHAZ,EP_HH,W10,FR,2004,19818000,
ESTAT:TEN00110(1.0),13/09/22 11:00:00,A,T,HAZ_NHAZ,EP_HH,W10,FR,2006,20441500,
ESTAT:TEN00110(1.0),13/09/22 11:00:00,A,T,HAZ_NHAZ,EP_HH,W10,FR,2008,19468000,
ESTAT:TEN00110(1.0),13/09/22 11:00:00,A,T,HAZ_NHAZ,EP_HH,W10,HR,2004,0,
ESTAT:TEN00110(1.0),13/09/22 11:00:00,A,T,HAZ_NHAZ,EP_HH,W10,HR,2006,19,
ESTAT:TEN00110(1.0),13/09/22 11:00:00,A,T,HAZ_NHAZ,EP_HH,W10,HR,2008,0,
ESTAT:TEN00110(1.0),13/09/22 11:00:00,A,T,HAZ_NHAZ,EP_HH,W10,HU,2004,3764130,
ESTAT:TEN00110(1.0),13/09/22 11:00:00,A,T,HAZ_NHAZ,EP_HH,W10,HU,2006,2847370,
ESTAT:TEN00110(1.0),13/09/22 11:00:00,A,T,HAZ_NHAZ,EP_HH,W10,HU,2008,3020031,
ESTAT:TEN00110(1.0),13/09/22 11:00:00,A,T,HAZ_NHAZ,EP_HH,W10,IE,2004,362993,
ESTAT:TEN00110(1.0),13/09/22 11:00:00,A,T,HAZ_NHAZ,EP_HH,W10,IE,2006,383785,
ESTAT:TEN00110(1.0),13/09/22 11:00:00,A,T,HAZ_NHAZ,EP_HH,W10,IS,2004,110000,
ESTAT:TEN00110(1.0),13/09/22 11:00:00,A,T,HAZ_NHAZ,EP_HH,W10,IT,2004,24376698,
ESTAT:TEN00110(1.0),13/09/22 11:00:00,A,T,HAZ_NHAZ,EP_HH,W10,IT,2006,24464573,
ESTAT:TEN00110(1.0),13/09/22 11:00:00,A,T,HAZ_NHAZ,EP_HH,W10,IT,2008,22838700,
ESTAT:TEN00110(1.0),13/09/22 11:00:00,A,T,HAZ_NHAZ,EP_HH,W10,LI,2008,0,
ESTAT:TEN00110(1.0),13/09/22 11:00:00,A,T,HAZ_NHAZ,EP_HH,W10,LT,2004,532435,
ESTAT:TEN00110(1.0),13/09/22 11:00:00,A,T,HAZ_NHAZ,EP_HH,W10,LT,2006,878686,
ESTAT:TEN00110(1.0),13/09/22 11:00:00,A,T,HAZ_NHAZ,EP_HH,W10,LT,2008,823888,
ESTAT:TEN00110(1.0),13/09/22 11:00:00,A,T,HAZ_NHAZ,EP_HH,W10,LU,2004,133805,
ESTAT:TEN00110(1.0),13/09/22 11:00:00,A,T,HAZ_NHAZ,EP_HH,W10,LU,2006,104566,
ESTAT:TEN00110(1.0),13/09/22 11:00:00,A,T,HAZ_NHAZ,EP_HH,W10,LU,2008,146120,
ESTAT:TEN00110(1.0),13/09/22 11:00:00,A,T,HAZ_NHAZ,EP_HH,W10,LV,2004,543490,
ESTAT:TEN00110(1.0),13/09/22 11:00:00,A,T,HAZ_NHAZ,EP_HH,W10,LV,2006,760355,
ESTAT:TEN00110(1.0),13/09/22 11:00:00,A,T,HAZ_NHAZ,EP_HH,W10,LV,2008,570285,
ESTAT:TEN00110(1.0),13/09/22 11:00:00,A,T,HAZ_NHAZ,EP_HH,W10,MK,2008,0,
ESTAT:TEN00110(1.0),13/09/22 11:00:00,A,T,HAZ_NHAZ,EP_HH,W10,MT,2004,122905,
ESTAT:TEN00110(1.0),13/09/22 11:00:00,A,T,HAZ_NHAZ,EP_HH,W10,MT,2006,120119,
ESTAT:TEN00110(1.0),13/09/22 11:00:00,A,T,HAZ_NHAZ,EP_HH,W10,MT,2008,129680,
ESTAT:TEN00110(1.0),13/09/22 11:00:00,A,T,HAZ_NHAZ,EP_HH,W10,NL,2004,4687584,
ESTAT:TEN00110(1.0),13/09/22 11:00:00,A,T,HAZ_NHAZ,EP_HH,W10,NL,2006,4749681,
ESTAT:TEN00110(1.0),13/09/22 11:00:00,A,T,HAZ_NHAZ,EP_HH,W10,NL,2008,4695644,
ESTAT:TEN00110(1.0),13/09/22 11:00:00,A,T,HAZ_NHAZ,EP_HH,W10,NO,2004,988175,
ESTAT:TEN00110(1.0),13/09/22 11:00:00,A,T,HAZ_NHAZ,EP_HH,W10,NO,2006,1154546,
ESTAT:TEN00110(1.0),13/09/22 11:00:00,A,T,HAZ_NHAZ,EP_HH,W10,NO,2008,1038106,
ESTAT:TEN00110(1.0),13/09/22 11:00:00,A,T,HAZ_NHAZ,EP_HH,W10,PL,2004,6640830,
ESTAT:TEN00110(1.0),13/09/22 11:00:00,A,T,HAZ_NHAZ,EP_HH,W10,PL,2006,6683819,
ESTAT:TEN00110(1.0),13/09/22 11:00:00,A,T,HAZ_NHAZ,EP_HH,W10,PL,2008,6557769,
ESTAT:TEN00110(1.0),13/09/22 11:00:00,A,T,HAZ_NHAZ,EP_HH,W10,PT,2004,4368010,
ESTAT:TEN00110(1.0),13/09/22 11:00:00,A,T,HAZ_NHAZ,EP_HH,W10,PT,2006,4641103,
ESTAT:TEN00110(1.0),13/09/22 11:00:00,A,T,HAZ_NHAZ,EP_HH,W10,PT,2008,5077433,
ESTAT:TEN00110(1.0),13/09/22 11:00:00,A,T,HAZ_NHAZ,EP_HH,W10,RO,2004,2219666,
ESTAT:TEN00110(1.0),13/09/22 11:00:00,A,T,HAZ_NHAZ,EP_HH,W10,RO,2006,4111365,
ESTAT:TEN00110(1.0),13/09/22 11:00:00,A,T,HAZ_NHAZ,EP_HH,W10,RO,2008,5531405,
ESTAT:TEN00110(1.0),13/09/22 11:00:00,A,T,HAZ_NHAZ,EP_HH,W10,SE,2004,2258951,
ESTAT:TEN00110(1.0),13/09/22 11:00:00,A,T,HAZ_NHAZ,EP_HH,W10,SE,2006,2330532,
ESTAT:TEN00110(1.0),13/09/22 11:00:00,A,T,HAZ_NHAZ,EP_HH,W10,SE,2008,2435894,
ESTAT:TEN00110(1.0),13/09/22 11:00:00,A,T,HAZ_NHAZ,EP_HH,W10,SI,2004,558926,
ESTAT:TEN00110(1.0),13/09/22 11:00:00,A,T,HAZ_NHAZ,EP_HH,W10,SI,2006,563777,
ESTAT:TEN00110(1.0),13/09/22 11:00:00,A,T,HAZ_NHAZ,EP_HH,W10,SI,2008,577303,
ESTAT:TEN00110(1.0),13/09/22 11:00:00,A,T,HAZ_NHAZ,EP_HH,W10,SK,2004,0,
ESTAT:TEN00110(1.0),13/09/22 11:00:00,A,T,HAZ_NHAZ,EP_HH,W10,SK,2006,1437106,
ESTAT:TEN00110(1.0),13/09/22 11:00:00,A,T,HAZ_NHAZ,EP_HH,W10,SK,2008,1533083,
ESTAT:TEN00110(1.0),13/09/22 11:00:00,A,T,HAZ_NHAZ,EP_HH,W10,TR,2004,29224710,
ESTAT:TEN00110(1.0),13/09/22 11:00:00,A,T,HAZ_NHAZ,EP_HH,W10,TR,2006,30081820,
ESTAT:TEN00110(1.0),13/09/22 11:00:00,A,T,HAZ_NHAZ,EP_HH,W10,TR,2008,25273644,
ESTAT:TEN00110(1.0),13/09/22 11:00:00,A,T,HAZ_NHAZ,EP_HH,W10,UK,2004,24461265,
ESTAT:TEN00110(1.0),13/09/22 11:00:00,A,T,HAZ_NHAZ,EP_HH,W10,UK,2006,23087586,
ESTAT:TEN00110(1.0),13/09/22 11:00:00,A,T,HAZ_NHAZ,EP_HH,W10,UK,2008,21166593,
ESTAT:TEN00110(1.0),13/09/22 11:00:00,A,T,HAZ_NHAZ,EP_HH,W11,AT,2004,0,
ESTAT:TEN00110(1.0),13/09/22 11:00:00,A,T,HAZ_NHAZ,EP_HH,W11,AT,2006,0,
ESTAT:TEN00110(1.0),13/09/22 11:00:00,A,T,HAZ_NHAZ,EP_HH,W11,AT,2008,0,
ESTAT:TEN00110(1.0),13/09/22 11:00:00,A,T,HAZ_NHAZ,EP_HH,W11,AT,2010,440,
ESTAT:TEN00110(1.0),13/09/22 11:00:00,A,T,HAZ_NHAZ,EP_HH,W11,AT,2012,0,
ESTAT:TEN00110(1.0),13/09/22 11:00:00,A,T,HAZ_NHAZ,EP_HH,W11,AT,2014,0,
ESTAT:TEN00110(1.0),13/09/22 11:00:00,A,T,HAZ_NHAZ,EP_HH,W11,AT,2016,0,
ESTAT:TEN00110(1.0),13/09/22 11:00:00,A,T,HAZ_NHAZ,EP_HH,W11,AT,2018,0,
ESTAT:TEN00110(1.0),13/09/22 11:00:00,A,T,HAZ_NHAZ,EP_HH,W11,AT,2020,0,
ESTAT:TEN00110(1.0),13/09/22 11:00:00,A,T,HAZ_NHAZ,EP_HH,W11,BA,2012,0,
ESTAT:TEN00110(1.0),13/09/22 11:00:00,A,T,HAZ_NHAZ,EP_HH,W11,BA,2018,2105,
ESTAT:TEN00110(1.0),13/09/22 11:00:00,A,T,HAZ_NHAZ,EP_HH,W11,BA,2020,0,
ESTAT:TEN00110(1.0),13/09/22 11:00:00,A,T,HAZ_NHAZ,EP_HH,W11,BE,2004,0,
ESTAT:TEN00110(1.0),13/09/22 11:00:00,A,T,HAZ_NHAZ,EP_HH,W11,BE,2006,1275,
ESTAT:TEN00110(1.0),13/09/22 11:00:00,A,T,HAZ_NHAZ,EP_HH,W11,BE,2008,0,
ESTAT:TEN00110(1.0),13/09/22 11:00:00,A,T,HAZ_NHAZ,EP_HH,W11,BE,2010,0,
ESTAT:TEN00110(1.0),13/09/22 11:00:00,A,T,HAZ_NHAZ,EP_HH,W11,BE,2012,11499,
ESTAT:TEN00110(1.0),13/09/22 11:00:00,A,T,HAZ_NHAZ,EP_HH,W11,BE,2014,13678,
ESTAT:TEN00110(1.0),13/09/22 11:00:00,A,T,HAZ_NHAZ,EP_HH,W11,BE,2016,0,
ESTAT:TEN00110(1.0),13/09/22 11:00:00,A,T,HAZ_NHAZ,EP_HH,W11,BE,2018,0,
ESTAT:TEN00110(1.0),13/09/22 11:00:00,A,T,HAZ_NHAZ,EP_HH,W11,BE,2020,0,
ESTAT:TEN00110(1.0),13/09/22 11:00:00,A,T,HAZ_NHAZ,EP_HH,W11,BG,2004,0,
ESTAT:TEN00110(1.0),13/09/22 11:00:00,A,T,HAZ_NHAZ,EP_HH,W11,BG,2006,0,
ESTAT:TEN00110(1.0),13/09/22 11:00:00,A,T,HAZ_NHAZ,EP_HH,W11,BG,2008,0,
ESTAT:TEN00110(1.0),13/09/22 11:00:00,A,T,HAZ_NHAZ,EP_HH,W11,BG,2010,0,
ESTAT:TEN00110(1.0),13/09/22 11:00:00,A,T,HAZ_NHAZ,EP_HH,W11,BG,2012,0,
ESTAT:TEN00110(1.0),13/09/22 11:00:00,A,T,HAZ_NHAZ,EP_HH,W11,BG,2014,3711,
ESTAT:TEN00110(1.0),13/09/22 11:00:00,A,T,HAZ_NHAZ,EP_HH,W11,BG,2016,0,
ESTAT:TEN00110(1.0),13/09/22 11:00:00,A,T,HAZ_NHAZ,EP_HH,W11,BG,2018,16321,
ESTAT:TEN00110(1.0),13/09/22 11:00:00,A,T,HAZ_NHAZ,EP_HH,W11,BG,2020,29540,
ESTAT:TEN00110(1.0),13/09/22 11:00:00,A,T,HAZ_NHAZ,EP_HH,W11,CY,2004,0,
ESTAT:TEN00110(1.0),13/09/22 11:00:00,A,T,HAZ_NHAZ,EP_HH,W11,CY,2006,0,
ESTAT:TEN00110(1.0),13/09/22 11:00:00,A,T,HAZ_NHAZ,EP_HH,W11,CY,2008,0,
ESTAT:TEN00110(1.0),13/09/22 11:00:00,A,T,HAZ_NHAZ,EP_HH,W11,CY,2010,0,
ESTAT:TEN00110(1.0),13/09/22 11:00:00,A,T,HAZ_NHAZ,EP_HH,W11,CY,2012,0,
ESTAT:TEN00110(1.0),13/09/22 11:00:00,A,T,HAZ_NHAZ,EP_HH,W11,CY,2014,0,
ESTAT:TEN00110(1.0),13/09/22 11:00:00,A,T,HAZ_NHAZ,EP_HH,W11,CY,2016,0,
ESTAT:TEN00110(1.0),13/09/22 11:00:00,A,T,HAZ_NHAZ,EP_HH,W11,CY,2018,0,
ESTAT:TEN00110(1.0),13/09/22 11:00:00,A,T,HAZ_NHAZ,EP_HH,W11,CY,2020,0,
ESTAT:TEN00110(1.0),13/09/22 11:00:00,A,T,HAZ_NHAZ,EP_HH,W11,CZ,2004,18006,
ESTAT:TEN00110(1.0),13/09/22 11:00:00,A,T,HAZ_NHAZ,EP_HH,W11,CZ,2006,10209,
ESTAT:TEN00110(1.0),13/09/22 11:00:00,A,T,HAZ_NHAZ,EP_HH,W11,CZ,2008,1394,
ESTAT:TEN00110(1.0),13/09/22 11:00:00,A,T,HAZ_NHAZ,EP_HH,W11,CZ,2010,1208,
ESTAT:TEN00110(1.0),13/09/22 11:00:00,A,T,HAZ_NHAZ,EP_HH,W11,CZ,2012,2165,
ESTAT:TEN00110(1.0),13/09/22 11:00:00,A,T,HAZ_NHAZ,EP_HH,W11,CZ,2014,1319,
ESTAT:TEN00110(1.0),13/09/22 11:00:00,A,T,HAZ_NHAZ,EP_HH,W11,CZ,2016,2686,
ESTAT:TEN00110(1.0),13/09/22 11:00:00,A,T,HAZ_NHAZ,EP_HH,W11,CZ,2018,5183,b
ESTAT:TEN00110(1.0),13/09/22 11:00:00,A,T,HAZ_NHAZ,EP_HH,W11,CZ,2020,5483,
ESTAT:TEN00110(1.0),13/09/22 11:00:00,A,T,HAZ_NHAZ,EP_HH,W11,DE,2004,0,
ESTAT:TEN00110(1.0),13/09/22 11:00:00,A,T,HAZ_NHAZ,EP_HH,W11,DE,2006,0,
ESTAT:TEN00110(1.0),13/09/22 11:00:00,A,T,HAZ_NHAZ,EP_HH,W11,DE,2008,0,
ESTAT:TEN00110(1.0),13/09/22 11:00:00,A,T,HAZ_NHAZ,EP_HH,W11,DE,2010,0,
ESTAT:TEN00110(1.0),13/09/22 11:00:00,A,T,HAZ_NHAZ,EP_HH,W11,DE,2012,0,
ESTAT:TEN00110(1.0),13/09/22 11:00:00,A,T,HAZ_NHAZ,EP_HH,W11,DE,2014,0,
ESTAT:TEN00110(1.0),13/09/22 11:00:00,A,T,HAZ_NHAZ,EP_HH,W11,DE,2016,0,
ESTAT:TEN00110(1.0),13/09/22 11:00:00,A,T,HAZ_NHAZ,EP_HH,W11,DE,2018,0,
ESTAT:TEN00110(1.0),13/09/22 11:00:00,A,T,HAZ_NHAZ,EP_HH,W11,DE,2020,0,
ESTAT:TEN00110(1.0),13/09/22 11:00:00,A,T,HAZ_NHAZ,EP_HH,W11,DK,2004,456,
ESTAT:TEN00110(1.0),13/09/22 11:00:00,A,T,HAZ_NHAZ,EP_HH,W11,DK,2006,346,
ESTAT:TEN00110(1.0),13/09/22 11:00:00,A,T,HAZ_NHAZ,EP_HH,W11,DK,2008,894,
ESTAT:TEN00110(1.0),13/09/22 11:00:00,A,T,HAZ_NHAZ,EP_HH,W11,DK,2010,15451,
ESTAT:TEN00110(1.0),13/09/22 11:00:00,A,T,HAZ_NHAZ,EP_HH,W11,DK,2012,213,
ESTAT:TEN00110(1.0),13/09/22 11:00:00,A,T,HAZ_NHAZ,EP_HH,W11,DK,2014,247,
ESTAT:TEN00110(1.0),13/09/22 11:00:00,A,T,HAZ_NHAZ,EP_HH,W11,DK,2016,204,
ESTAT:TEN00110(1.0),13/09/22 11:00:00,A,T,HAZ_NHAZ,EP_HH,W11,DK,2018,136,
ESTAT:TEN00110(1.0),13/09/22 11:00:00,A,T,HAZ_NHAZ,EP_HH,W11,DK,2020,149,
ESTAT:TEN00110(1.0),13/09/22 11:00:00,A,T,HAZ_NHAZ,EP_HH,W11,EE,2004,1449,
ESTAT:TEN00110(1.0),13/09/22 11:00:00,A,T,HAZ_NHAZ,EP_HH,W11,EE,2006,1906,
ESTAT:TEN00110(1.0),13/09/22 11:00:00,A,T,HAZ_NHAZ,EP_HH,W11,EE,2008,1532,
ESTAT:TEN00110(1.0),13/09/22 11:00:00,A,T,HAZ_NHAZ,EP_HH,W11,EE,2010,767,
ESTAT:TEN00110(1.0),13/09/22 11:00:00,A,T,HAZ_NHAZ,EP_HH,W11,EE,2012,71,
ESTAT:TEN00110(1.0),13/09/22 11:00:00,A,T,HAZ_NHAZ,EP_HH,W11,EE,2014,381,
ESTAT:TEN00110(1.0),13/09/22 11:00:00,A,T,HAZ_NHAZ,EP_HH,W11,EE,2016,215,
ESTAT:TEN00110(1.0),13/09/22 11:00:00,A,T,HAZ_NHAZ,EP_HH,W11,EE,2018,646,
ESTAT:TEN00110(1.0),13/09/22 11:00:00,A,T,HAZ_NHAZ,EP_HH,W11,EE,2020,161,
ESTAT:TEN00110(1.0),13/09/22 11:00:00,A,T,HAZ_NHAZ,EP_HH,W11,EL,2004,0,
ESTAT:TEN00110(1.0),13/09/22 11:00:00,A,T,HAZ_NHAZ,EP_HH,W11,EL,2006,0,
ESTAT:TEN00110(1.0),13/09/22 11:00:00,A,T,HAZ_NHAZ,EP_HH,W11,EL,2008,0,
ESTAT:TEN00110(1.0),13/09/22 11:00:00,A,T,HAZ_NHAZ,EP_HH,W11,EL,2010,0,
ESTAT:TEN00110(1.0),13/09/22 11:00:00,A,T,HAZ_NHAZ,EP_HH,W11,EL,2016,0,
ESTAT:TEN00110(1.0),13/09/22 11:00:00,A,T,HAZ_NHAZ,EP_HH,W11,EL,2018,11,
ESTAT:TEN00110(1.0),13/09/22 11:00:00,A,T,HAZ_NHAZ,EP_HH,W11,EL,2020,296,p
ESTAT:TEN00110(1.0),13/09/22 11:00:00,A,T,HAZ_NHAZ,EP_HH,W11,ES,2004,46556,
ESTAT:TEN00110(1.0),13/09/22 11:00:00,A,T,HAZ_NHAZ,EP_HH,W11,ES,2006,62891,
ESTAT:TEN00110(1.0),13/09/22 11:00:00,A,T,HAZ_NHAZ,EP_HH,W11,ES,2008,30511,
ESTAT:TEN00110(1.0),13/09/22 11:00:00,A,T,HAZ_NHAZ,EP_HH,W11,ES,2010,0,
ESTAT:TEN00110(1.0),13/09/22 11:00:00,A,T,HAZ_NHAZ,EP_HH,W11,ES,2012,0,
ESTAT:TEN00110(1.0),13/09/22 11:00:00,A,T,HAZ_NHAZ,EP_HH,W11,ES,2014,0,
ESTAT:TEN00110(1.0),13/09/22 11:00:00,A,T,HAZ_NHAZ,EP_HH,W11,ES,2016,0,
ESTAT:TEN00110(1.0),13/09/22 11:00:00,A,T,HAZ_NHAZ,EP_HH,W11,ES,2018,0,
ESTAT:TEN00110(1.0),13/09/22 11:00:00,A,T,HAZ_NHAZ,EP_HH,W11,ES,2020,0,p
ESTAT:TEN00110(1.0),13/09/22 11:00:00,A,T,HAZ_NHAZ,EP_HH,W11,EU27_2020,2004,160000,
ESTAT:TEN00110(1.0),13/09/22 11:00:00,A,T,HAZ_NHAZ,EP_HH,W11,EU27_2020,2006,170000,
ESTAT:TEN00110(1.0),13/09/22 11:00:00,A,T,HAZ_NHAZ,EP_HH,W11,EU27_2020,2008,130000,
ESTAT:TEN00110(1.0),13/09/22 11:00:00,A,T,HAZ_NHAZ,EP_HH,W11,EU27_2020,2010,250000,
ESTAT:TEN00110(1.0),13/09/22 11:00:00,A,T,HAZ_NHAZ,EP_HH,W11,EU27_2020,2012,120000,s
ESTAT:TEN00110(1.0),13/09/22 11:00:00,A,T,HAZ_NHAZ,EP_HH,W11,EU27_2020,2014,120000,s
ESTAT:TEN00110(1.0),13/09/22 11:00:00,A,T,HAZ_NHAZ,EP_HH,W11,EU27_2020,2016,110000,
ESTAT:TEN00110(1.0),13/09/22 11:00:00,A,T,HAZ_NHAZ,EP_HH,W11,EU27_2020,2018,130000,
ESTAT:TEN00110(1.0),13/09/22 11:00:00,A,T,HAZ_NHAZ,EP_HH,W11,EU27_2020,2020,230000,s
ESTAT:TEN00110(1.0),13/09/22 11:00:00,A,T,HAZ_NHAZ,EP_HH,W11,EU28,2004,160000,
ESTAT:TEN00110(1.0),13/09/22 11:00:00,A,T,HAZ_NHAZ,EP_HH,W11,EU28,2006,170000,
ESTAT:TEN00110(1.0),13/09/22 11:00:00,A,T,HAZ_NHAZ,EP_HH,W11,EU28,2008,130000,
ESTAT:TEN00110(1.0),13/09/22 11:00:00,A,T,HAZ_NHAZ,EP_HH,W11,EU28,2010,250000,
ESTAT:TEN00110(1.0),13/09/22 11:00:00,A,T,HAZ_NHAZ,EP_HH,W11,EU28,2012,120000,
ESTAT:TEN00110(1.0),13/09/22 11:00:00,A,T,HAZ_NHAZ,EP_HH,W11,EU28,2014,120000,
ESTAT:TEN00110(1.0),13/09/22 11:00:00,A,T,HAZ_NHAZ,EP_HH,W11,EU28,2016,110000,
ESTAT:TEN00110(1.0),13/09/22 11:00:00,A,T,HAZ_NHAZ,EP_HH,W11,EU28,2018,130000,
ESTAT:TEN00110(1.0),13/09/22 11:00:00,A,T,HAZ_NHAZ,EP_HH,W11,FI,2004,0,
ESTAT:TEN00110(1.0),13/09/22 11:00:00,A,T,HAZ_NHAZ,EP_HH,W11,FI,2006,0,
ESTAT:TEN00110(1.0),13/09/22 11:00:00,A,T,HAZ_NHAZ,EP_HH,W11,FI,2008,0,
ESTAT:TEN00110(1.0),13/09/22 11:00:00,A,T,HAZ_NHAZ,EP_HH,W11,FI,2010,130309,
ESTAT:TEN00110(1.0),13/09/22 11:00:00,A,T,HAZ_NHAZ,EP_HH,W11,FI,2012,0,
ESTAT:TEN00110(1.0),13/09/22 11:00:00,A,T,HAZ_NHAZ,EP_HH,W11,FI,2014,0,
ESTAT:TEN00110(1.0),13/09/22 11:00:00,A,T,HAZ_NHAZ,EP_HH,W11,FI,2016,0,
ESTAT:TEN00110(1.0),13/09/22 11:00:00,A,T,HAZ_NHAZ,EP_HH,W11,FI,2018,2633,
ESTAT:TEN00110(1.0),13/09/22 11:00:00,A,T,HAZ_NHAZ,EP_HH,W11,FI,2020,0,
ESTAT:TEN00110(1.0),13/09/22 11:00:00,A,T,HAZ_NHAZ,EP_HH,W11,FR,2004,0,
ESTAT:TEN00110(1.0),13/09/22 11:00:00,A,T,HAZ_NHAZ,EP_HH,W11,FR,2006,0,
ESTAT:TEN00110(1.0),13/09/22 11:00:00,A,T,HAZ_NHAZ,EP_HH,W11,FR,2008,0,
ESTAT:TEN00110(1.0),13/09/22 11:00:00,A,T,HAZ_NHAZ,EP_HH,W11,FR,2010,0,
ESTAT:TEN00110(1.0),13/09/22 11:00:00,A,T,HAZ_NHAZ,EP_HH,W11,FR,2012,0,
ESTAT:TEN00110(1.0),13/09/22 11:00:00,A,T,HAZ_NHAZ,EP_HH,W11,FR,2014,0,
ESTAT:TEN00110(1.0),13/09/22 11:00:00,A,T,HAZ_NHAZ,EP_HH,W11,FR,2016,0,
ESTAT:TEN00110(1.0),13/09/22 11:00:00,A,T,HAZ_NHAZ,EP_HH,W11,FR,2018,0,
ESTAT:TEN00110(1.0),13/09/22 11:00:00,A,T,HAZ_NHAZ,EP_HH,W11,FR,2020,0,
ESTAT:TEN00110(1.0),13/09/22 11:00:00,A,T,HAZ_NHAZ,EP_HH,W11,HR,2004,0,
ESTAT:TEN00110(1.0),13/09/22 11:00:00,A,T,HAZ_NHAZ,EP_HH,W11,HR,2006,0,
ESTAT:TEN00110(1.0),13/09/22 11:00:00,A,T,HAZ_NHAZ,EP_HH,W11,HR,2008,0,
ESTAT:TEN00110(1.0),13/09/22 11:00:00,A,T,HAZ_NHAZ,EP_HH,W11,HR,2010,0,
ESTAT:TEN00110(1.0),13/09/22 11:00:00,A,T,HAZ_NHAZ,EP_HH,W11,HR,2012,0,
ESTAT:TEN00110(1.0),13/09/22 11:00:00,A,T,HAZ_NHAZ,EP_HH,W11,HR,2014,0,
ESTAT:TEN00110(1.0),13/09/22 11:00:00,A,T,HAZ_NHAZ,EP_HH,W11,HR,2016,0,
ESTAT:TEN00110(1.0),13/09/22 11:00:00,A,T,HAZ_NHAZ,EP_HH,W11,HR,2018,0,
ESTAT:TEN00110(1.0),13/09/22 11:00:00,A,T,HAZ_NHAZ,EP_HH,W11,HR,2020,0,
ESTAT:TEN00110(1.0),13/09/22 11:00:00,A,T,HAZ_NHAZ,EP_HH,W11,HU,2004,0,
ESTAT:TEN00110(1.0),13/09/22 11:00:00,A,T,HAZ_NHAZ,EP_HH,W11,HU,2006,0,
ESTAT:TEN00110(1.0),13/09/22 11:00:00,A,T,HAZ_NHAZ,EP_HH,W11,HU,2008,0,
ESTAT:TEN00110(1.0),13/09/22 11:00:00,A,T,HAZ_NHAZ,EP_HH,W11,HU,2010,0,
ESTAT:TEN00110(1.0),13/09/22 11:00:00,A,T,HAZ_NHAZ,EP_HH,W11,HU,2012,0,
ESTAT:TEN00110(1.0),13/09/22 11:00:00,A,T,HAZ_NHAZ,EP_HH,W11,HU,2014,0,
ESTAT:TEN00110(1.0),13/09/22 11:00:00,A,T,HAZ_NHAZ,EP_HH,W11,HU,2016,0,
ESTAT:TEN00110(1.0),13/09/22 11:00:00,A,T,HAZ_NHAZ,EP_HH,W11,HU,2018,0,
ESTAT:TEN00110(1.0),13/09/22 11:00:00,A,T,HAZ_NHAZ,EP_HH,W11,HU,2020,100203,
ESTAT:TEN00110(1.0),13/09/22 11:00:00,A,T,HAZ_NHAZ,EP_HH,W11,IE,2004,0,
ESTAT:TEN00110(1.0),13/09/22 11:00:00,A,T,HAZ_NHAZ,EP_HH,W11,IE,2006,0,
ESTAT:TEN00110(1.0),13/09/22 11:00:00,A,T,HAZ_NHAZ,EP_HH,W11,IE,2010,0,
ESTAT:TEN00110(1.0),13/09/22 11:00:00,A,T,HAZ_NHAZ,EP_HH,W11,IE,2012,0,
ESTAT:TEN00110(1.0),13/09/22 11:00:00,A,T,HAZ_NHAZ,EP_HH,W11,IE,2014,0,
ESTAT:TEN00110(1.0),13/09/22 11:00:00,A,T,HAZ_NHAZ,EP_HH,W11,IE,2016,0,
ESTAT:TEN00110(1.0),13/09/22 11:00:00,A,T,HAZ_NHAZ,EP_HH,W11,IE,2018,0,
ESTAT:TEN00110(1.0),13/09/22 11:00:00,A,T,HAZ_NHAZ,EP_HH,W11,IS,2004,0,
ESTAT:TEN00110(1.0),13/09/22 11:00:00,A,T,HAZ_NHAZ,EP_HH,W11,IS,2010,0,
ESTAT:TEN00110(1.0),13/09/22 11:00:00,A,T,HAZ_NHAZ,EP_HH,W11,IS,2012,0,
ESTAT:TEN00110(1.0),13/09/22 11:00:00,A,T,HAZ_NHAZ,EP_HH,W11,IS,2014,37,b
ESTAT:TEN00110(1.0),13/09/22 11:00:00,A,T,HAZ_NHAZ,EP_HH,W11,IS,2016,44,
ESTAT:TEN00110(1.0),13/09/22 11:00:00,A,T,HAZ_NHAZ,EP_HH,W11,IS,2018,40,
ESTAT:TEN00110(1.0),13/09/22 11:00:00,A,T,HAZ_NHAZ,EP_HH,W11,IT,2004,0,
ESTAT:TEN00110(1.0),13/09/22 11:00:00,A,T,HAZ_NHAZ,EP_HH,W11,IT,2006,0,
ESTAT:TEN00110(1.0),13/09/22 11:00:00,A,T,HAZ_NHAZ,EP_HH,W11,IT,2008,0,
ESTAT:TEN00110(1.0),13/09/22 11:00:00,A,T,HAZ_NHAZ,EP_HH,W11,IT,2010,0,
ESTAT:TEN00110(1.0),13/09/22 11:00:00,A,T,HAZ_NHAZ,EP_HH,W11,IT,2012,0,
ESTAT:TEN00110(1.0),13/09/22 11:00:00,A,T,HAZ_NHAZ,EP_HH,W11,IT,2014,0,
ESTAT:TEN00110(1.0),13/09/22 11:00:00,A,T,HAZ_NHAZ,EP_HH,W11,IT,2016,0,
ESTAT:TEN00110(1.0),13/09/22 11:00:00,A,T,HAZ_NHAZ,EP_HH,W11,IT,2018,0,
ESTAT:TEN00110(1.0),13/09/22 11:00:00,A,T,HAZ_NHAZ,EP_HH,W11,IT,2020,0,
ESTAT:TEN00110(1.0),13/09/22 11:00:00,A,T,HAZ_NHAZ,EP_HH,W11,LI,2008,0,
ESTAT:TEN00110(1.0),13/09/22 11:00:00,A,T,HAZ_NHAZ,EP_HH,W11,LI,2010,0,
ESTAT:TEN00110(1.0),13/09/22 11:00:00,A,T,HAZ_NHAZ,EP_HH,W11,LI,2012,8289,
ESTAT:TEN00110(1.0),13/09/22 11:00:00,A,T,HAZ_NHAZ,EP_HH,W11,LI,2014,0,
ESTAT:TEN00110(1.0),13/09/22 11:00:00,A,T,HAZ_NHAZ,EP_HH,W11,LI,2016,0,
ESTAT:TEN00110(1.0),13/09/22 11:00:00,A,T,HAZ_NHAZ,EP_HH,W11,LI,2018,0,
ESTAT:TEN00110(1.0),13/09/22 11:00:00,A,T,HAZ_NHAZ,EP_HH,W11,LT,2004,2197,
ESTAT:TEN00110(1.0),13/09/22 11:00:00,A,T,HAZ_NHAZ,EP_HH,W11,LT,2006,273,
ESTAT:TEN00110(1.0),13/09/22 11:00:00,A,T,HAZ_NHAZ,EP_HH,W11,LT,2008,865,
ESTAT:TEN00110(1.0),13/09/22 11:00:00,A,T,HAZ_NHAZ,EP_HH,W11,LT,2010,0,
ESTAT:TEN00110(1.0),13/09/22 11:00:00,A,T,HAZ_NHAZ,EP_HH,W11,LT,2012,0,
ESTAT:TEN00110(1.0),13/09/22 11:00:00,A,T,HAZ_NHAZ,EP_HH,W11,LT,2014,0,
ESTAT:TEN00110(1.0),13/09/22 11:00:00,A,T,HAZ_NHAZ,EP_HH,W11,LT,2016,0,
ESTAT:TEN00110(1.0),13/09/22 11:00:00,A,T,HAZ_NHAZ,EP_HH,W11,LT,2018,0,
ESTAT:TEN00110(1.0),13/09/22 11:00:00,A,T,HAZ_NHAZ,EP_HH,W11,LT,2020,4,
ESTAT:TEN00110(1.0),13/09/22 11:00:00,A,T,HAZ_NHAZ,EP_HH,W11,LU,2004,967,
ESTAT:TEN00110(1.0),13/09/22 11:00:00,A,T,HAZ_NHAZ,EP_HH,W11,LU,2006,834,
ESTAT:TEN00110(1.0),13/09/22 11:00:00,A,T,HAZ_NHAZ,EP_HH,W11,LU,2008,815,
ESTAT:TEN00110(1.0),13/09/22 11:00:00,A,T,HAZ_NHAZ,EP_HH,W11,LU,2010,733,
ESTAT:TEN00110(1.0),13/09/22 11:00:00,A,T,HAZ_NHAZ,EP_HH,W11,LU,2012,346,
ESTAT:TEN00110(1.0),13/09/22 11:00:00,A,T,HAZ_NHAZ,EP_HH,W11,LU,2014,677,
ESTAT:TEN00110(1.0),13/09/22 11:00:00,A,T,HAZ_NHAZ,EP_HH,W11,LU,2016,699,
ESTAT:TEN00110(1.0),13/09/22 11:00:00,A,T,HAZ_NHAZ,EP_HH,W11,LU,2018,589,
ESTAT:TEN00110(1.0),13/09/22 11:00:00,A,T,HAZ_NHAZ,EP_HH,W11,LU,2020,581,
ESTAT:TEN00110(1.0),13/09/22 11:00:00,A,T,HAZ_NHAZ,EP_HH,W11,LV,2004,0,
ESTAT:TEN00110(1.0),13/09/22 11:00:00,A,T,HAZ_NHAZ,EP_HH,W11,LV,2006,407,
ESTAT:TEN00110(1.0),13/09/22 11:00:00,A,T,HAZ_NHAZ,EP_HH,W11,LV,2008,0,
ESTAT:TEN00110(1.0),13/09/22 11:00:00,A,T,HAZ_NHAZ,EP_HH,W11,LV,2010,3533,
ESTAT:TEN00110(1.0),13/09/22 11:00:00,A,T,HAZ_NHAZ,EP_HH,W11,LV,2012,13992,
ESTAT:TEN00110(1.0),13/09/22 11:00:00,A,T,HAZ_NHAZ,EP_HH,W11,LV,2014,0,
ESTAT:TEN00110(1.0),13/09/22 11:00:00,A,T,HAZ_NHAZ,EP_HH,W11,LV,2016,0,
ESTAT:TEN00110(1.0),13/09/22 11:00:00,A,T,HAZ_NHAZ,EP_HH,W11,LV,2018,286,
ESTAT:TEN00110(1.0),13/09/22 11:00:00,A,T,HAZ_NHAZ,EP_HH,W11,LV,2020,0,
ESTAT:TEN00110(1.0),13/09/22 11:00:00,A,T,HAZ_NHAZ,EP_HH,W11,ME,2012,0,
ESTAT:TEN00110(1.0),13/09/22 11:00:00,A,T,HAZ_NHAZ,EP_HH,W11,ME,2014,0,
ESTAT:TEN00110(1.0),13/09/22 11:00:00,A,T,HAZ_NHAZ,EP_HH,W11,ME,2016,0,
ESTAT:TEN00110(1.0),13/09/22 11:00:00,A,T,HAZ_NHAZ,EP_HH,W11,ME,2018,0,
ESTAT:TEN00110(1.0),13/09/22 11:00:00,A,T,HAZ_NHAZ,EP_HH,W11,ME,2020,0,
ESTAT:TEN00110(1.0),13/09/22 11:00:00,A,T,HAZ_NHAZ,EP_HH,W11,MK,2008,0,
ESTAT:TEN00110(1.0),13/09/22 11:00:00,A,T,HAZ_NHAZ,EP_HH,W11,MK,2010,0,
ESTAT:TEN00110(1.0),13/09/22 11:00:00,A,T,HAZ_NHAZ,EP_HH,W11,MK,2012,0,
ESTAT:TEN00110(1.0),13/09/22 11:00:00,A,T,HAZ_NHAZ,EP_HH,W11,MK,2014,0,
ESTAT:TEN00110(1.0),13/09/22 11:00:00,A,T,HAZ_NHAZ,EP_HH,W11,MK,2016,0,
ESTAT:TEN00110(1.0),13/09/22 11:00:00,A,T,HAZ_NHAZ,EP_HH,W11,MK,2018,0,
ESTAT:TEN00110(1.0),13/09/22 11:00:00,A,T,HAZ_NHAZ,EP_HH,W11,MK,2020,0,
ESTAT:TEN00110(1.0),13/09/22 11:00:00,A,T,HAZ_NHAZ,EP_HH,W11,MT,2004,108,
ESTAT:TEN00110(1.0),13/09/22 11:00:00,A,T,HAZ_NHAZ,EP_HH,W11,MT,2006,0,
ESTAT:TEN00110(1.0),13/09/22 11:00:00,A,T,HAZ_NHAZ,EP_HH,W11,MT,2008,0,
ESTAT:TEN00110(1.0),13/09/22 11:00:00,A,T,HAZ_NHAZ,EP_HH,W11,MT,2010,0,
ESTAT:TEN00110(1.0),13/09/22 11:00:00,A,T,HAZ_NHAZ,EP_HH,W11,MT,2012,0,
ESTAT:TEN00110(1.0),13/09/22 11:00:00,A,T,HAZ_NHAZ,EP_HH,W11,MT,2014,0,
ESTAT:TEN00110(1.0),13/09/22 11:00:00,A,T,HAZ_NHAZ,EP_HH,W11,MT,2016,0,
ESTAT:TEN00110(1.0),13/09/22 11:00:00,A,T,HAZ_NHAZ,EP_HH,W11,MT,2018,0,
ESTAT:TEN00110(1.0),13/09/22 11:00:00,A,T,HAZ_NHAZ,EP_HH,W11,MT,2020,0,
ESTAT:TEN00110(1.0),13/09/22 11:00:00,A,T,HAZ_NHAZ,EP_HH,W11,NL,2004,7,
ESTAT:TEN00110(1.0),13/09/22 11:00:00,A,T,HAZ_NHAZ,EP_HH,W11,NL,2006,0,
ESTAT:TEN00110(1.0),13/09/22 11:00:00,A,T,HAZ_NHAZ,EP_HH,W11,NL,2008,0,
ESTAT:TEN00110(1.0),13/09/22 11:00:00,A,T,HAZ_NHAZ,EP_HH,W11,NL,2010,0,
ESTAT:TEN00110(1.0),13/09/22 11:00:00,A,T,HAZ_NHAZ,EP_HH,W11,NL,2016,0,
ESTAT:TEN00110(1.0),13/09/22 11:00:00,A,T,HAZ_NHAZ,EP_HH,W11,NL,2018,0,
ESTAT:TEN00110(1.0),13/09/22 11:00:00,A,T,HAZ_NHAZ,EP_HH,W11,NL,2020,0,
ESTAT:TEN00110(1.0),13/09/22 11:00:00,A,T,HAZ_NHAZ,EP_HH,W11,NO,2004,0,
ESTAT:TEN00110(1.0),13/09/22 11:00:00,A,T,HAZ_NHAZ,EP_HH,W11,NO,2006,0,
ESTAT:TEN00110(1.0),13/09/22 11:00:00,A,T,HAZ_NHAZ,EP_HH,W11,NO,2008,0,
ESTAT:TEN00110(1.0),13/09/22 11:00:00,A,T,HAZ_NHAZ,EP_HH,W11,NO,2010,0,
ESTAT:TEN00110(1.0),13/09/22 11:00:00,A,T,HAZ_NHAZ,EP_HH,W11,NO,2012,0,
ESTAT:TEN00110(1.0),13/09/22 11:00:00,A,T,HAZ_NHAZ,EP_HH,W11,NO,2014,0,
ESTAT:TEN00110(1.0),13/09/22 11:00:00,A,T,HAZ_NHAZ,EP_HH,W11,NO,2016,0,
ESTAT:TEN00110(1.0),13/09/22 11:00:00,A,T,HAZ_NHAZ,EP_HH,W11,NO,2018,0,
ESTAT:TEN00110(1.0),13/09/22 11:00:00,A,T,HAZ_NHAZ,EP_HH,W11,NO,2020,0,
ESTAT:TEN00110(1.0),13/09/22 11:00:00,A,T,HAZ_NHAZ,EP_HH,W11,PL,2004,0,
ESTAT:TEN00110(1.0),13/09/22 11:00:00,A,T,HAZ_NHAZ,EP_HH,W11,PL,2006,0,
ESTAT:TEN00110(1.0),13/09/22 11:00:00,A,T,HAZ_NHAZ,EP_HH,W11,PL,2008,0,
ESTAT:TEN00110(1.0),13/09/22 11:00:00,A,T,HAZ_NHAZ,EP_HH,W11,PL,2010,0,
ESTAT:TEN00110(1.0),13/09/22 11:00:00,A,T,HAZ_NHAZ,EP_HH,W11,PL,2012,0,
ESTAT:TEN00110(1.0),13/09/22 11:00:00,A,T,HAZ_NHAZ,EP_HH,W11,PL,2014,0,
ESTAT:TEN00110(1.0),13/09/22 11:00:00,A,T,HAZ_NHAZ,EP_HH,W11,PL,2016,0,
ESTAT:TEN00110(1.0),13/09/22 11:00:00,A,T,HAZ_NHAZ,EP_HH,W11,PL,2018,0,
ESTAT:TEN00110(1.0),13/09/22 11:00:00,A,T,HAZ_NHAZ,EP_HH,W11,PL,2020,0,
ESTAT:TEN00110(1.0),13/09/22 11:00:00,A,T,HAZ_NHAZ,EP_HH,W11,PT,2004,0,
ESTAT:TEN00110(1.0),13/09/22 11:00:00,A,T,HAZ_NHAZ,EP_HH,W11,PT,2006,0,
ESTAT:TEN00110(1.0),13/09/22 11:00:00,A,T,HAZ_NHAZ,EP_HH,W11,PT,2008,0,
ESTAT:TEN00110(1.0),13/09/22 11:00:00,A,T,HAZ_NHAZ,EP_HH,W11,PT,2010,0,
ESTAT:TEN00110(1.0),13/09/22 11:00:00,A,T,HAZ_NHAZ,EP_HH,W11,PT,2012,0,
ESTAT:TEN00110(1.0),13/09/22 11:00:00,A,T,HAZ_NHAZ,EP_HH,W11,PT,2014,0,
ESTAT:TEN00110(1.0),13/09/22 11:00:00,A,T,HAZ_NHAZ,EP_HH,W11,PT,2016,0,
ESTAT:TEN00110(1.0),13/09/22 11:00:00,A,T,HAZ_NHAZ,EP_HH,W11,PT,2018,0,b
ESTAT:TEN00110(1.0),13/09/22 11:00:00,A,T,HAZ_NHAZ,EP_HH,W11,PT,2020,0,
ESTAT:TEN00110(1.0),13/09/22 11:00:00,A,T,HAZ_NHAZ,EP_HH,W11,RO,2004,0,
ESTAT:TEN00110(1.0),13/09/22 11:00:00,A,T,HAZ_NHAZ,EP_HH,W11,RO,2006,0,
ESTAT:TEN00110(1.0),13/09/22 11:00:00,A,T,HAZ_NHAZ,EP_HH,W11,RO,2008,0,
ESTAT:TEN00110(1.0),13/09/22 11:00:00,A,T,HAZ_NHAZ,EP_HH,W11,RO,2010,0,
ESTAT:TEN00110(1.0),13/09/22 11:00:00,A,T,HAZ_NHAZ,EP_HH,W11,RO,2012,0,
ESTAT:TEN00110(1.0),13/09/22 11:00:00,A,T,HAZ_NHAZ,EP_HH,W11,RO,2014,0,
ESTAT:TEN00110(1.0),13/09/22 11:00:00,A,T,HAZ_NHAZ,EP_HH,W11,RO,2016,0,
ESTAT:TEN00110(1.0),13/09/22 11:00:00,A,T,HAZ_NHAZ,EP_HH,W11,RO,2018,3,
ESTAT:TEN00110(1.0),13/09/22 11:00:00,A,T,HAZ_NHAZ,EP_HH,W11,RO,2020,0,
ESTAT:TEN00110(1.0),13/09/22 11:00:00,A,T,HAZ_NHAZ,EP_HH,W11,RS,2010,0,
ESTAT:TEN00110(1.0),13/09/22 11:00:00,A,T,HAZ_NHAZ,EP_HH,W11,RS,2014,0,
ESTAT:TEN00110(1.0),13/09/22 11:00:00,A,T,HAZ_NHAZ,EP_HH,W11,RS,2016,0,
ESTAT:TEN00110(1.0),13/09/22 11:00:00,A,T,HAZ_NHAZ,EP_HH,W11,RS,2018,0,
ESTAT:TEN00110(1.0),13/09/22 11:00:00,A,T,HAZ_NHAZ,EP_HH,W11,RS,2020,0,
ESTAT:TEN00110(1.0),13/09/22 11:00:00,A,T,HAZ_NHAZ,EP_HH,W11,SE,2004,83546,
ESTAT:TEN00110(1.0),13/09/22 11:00:00,A,T,HAZ_NHAZ,EP_HH,W11,SE,2006,87897,
ESTAT:TEN00110(1.0),13/09/22 11:00:00,A,T,HAZ_NHAZ,EP_HH,W11,SE,2008,85026,
ESTAT:TEN00110(1.0),13/09/22 11:00:00,A,T,HAZ_NHAZ,EP_HH,W11,SE,2010,85026,
ESTAT:TEN00110(1.0),13/09/22 11:00:00,A,T,HAZ_NHAZ,EP_HH,W11,SE,2012,83097,
ESTAT:TEN00110(1.0),13/09/22 11:00:00,A,T,HAZ_NHAZ,EP_HH,W11,SE,2014,82662,
ESTAT:TEN00110(1.0),13/09/22 11:00:00,A,T,HAZ_NHAZ,EP_HH,W11,SE,2016,87958,
ESTAT:TEN00110(1.0),13/09/22 11:00:00,A,T,HAZ_NHAZ,EP_HH,W11,SE,2018,87853,
ESTAT:TEN00110(1.0),13/09/22 11:00:00,A,T,HAZ_NHAZ,EP_HH,W11,SE,2020,88926,
ESTAT:TEN00110(1.0),13/09/22 11:00:00,A,T,HAZ_NHAZ,EP_HH,W11,SI,2004,11559,
ESTAT:TEN00110(1.0),13/09/22 11:00:00,A,T,HAZ_NHAZ,EP_HH,W11,SI,2006,3891,
ESTAT:TEN00110(1.0),13/09/22 11:00:00,A,T,HAZ_NHAZ,EP_HH,W11,SI,2008,1967,
ESTAT:TEN00110(1.0),13/09/22 11:00:00,A,T,HAZ_NHAZ,EP_HH,W11,SI,2010,5658,
ESTAT:TEN00110(1.0),13/09/22 11:00:00,A,T,HAZ_NHAZ,EP_HH,W11,SI,2012,2437,
ESTAT:TEN00110(1.0),13/09/22 11:00:00,A,T,HAZ_NHAZ,EP_HH,W11,SI,2014,5,
ESTAT:TEN00110(1.0),13/09/22 11:00:00,A,T,HAZ_NHAZ,EP_HH,W11,SI,2016,12110,
ESTAT:TEN00110(1.0),13/09/22 11:00:00,A,T,HAZ_NHAZ,EP_HH,W11,SI,2018,14721,
ESTAT:TEN00110(1.0),13/09/22 11:00:00,A,T,HAZ_NHAZ,EP_HH,W11,SI,2020,0,
ESTAT:TEN00110(1.0),13/09/22 11:00:00,A,T,HAZ_NHAZ,EP_HH,W11,SK,2004,0,
ESTAT:TEN00110(1.0),13/09/22 11:00:00,A,T,HAZ_NHAZ,EP_HH,W11,SK,2006,499,
ESTAT:TEN00110(1.0),13/09/22 11:00:00,A,T,HAZ_NHAZ,EP_HH,W11,SK,2008,3926,
ESTAT:TEN00110(1.0),13/09/22 11:00:00,A,T,HAZ_NHAZ,EP_HH,W11,SK,2010,3714,
ESTAT:TEN00110(1.0),13/09/22 11:00:00,A,T,HAZ_NHAZ,EP_HH,W11,SK,2012,2373,
ESTAT:TEN00110(1.0),13/09/22 11:00:00,A,T,HAZ_NHAZ,EP_HH,W11,SK,2014,14904,
ESTAT:TEN00110(1.0),13/09/22 11:00:00,A,T,HAZ_NHAZ,EP_HH,W11,SK,2016,3371,
ESTAT:TEN00110(1.0),13/09/22 11:00:00,A,T,HAZ_NHAZ,EP_HH,W11,SK,2018,1208,
ESTAT:TEN00110(1.0),13/09/22 11:00:00,A,T,HAZ_NHAZ,EP_HH,W11,SK,2020,0,
ESTAT:TEN00110(1.0),13/09/22 11:00:00,A,T,HAZ_NHAZ,EP_HH,W11,TR,2004,0,
ESTAT:TEN00110(1.0),13/09/22 11:00:00,A,T,HAZ_NHAZ,EP_HH,W11,TR,2006,0,
ESTAT:TEN00110(1.0),13/09/22 11:00:00,A,T,HAZ_NHAZ,EP_HH,W11,TR,2008,5696,
ESTAT:TEN00110(1.0),13/09/22 11:00:00,A,T,HAZ_NHAZ,EP_HH,W11,TR,2010,36384,
ESTAT:TEN00110(1.0),13/09/22 11:00:00,A,T,HAZ_NHAZ,EP_HH,W11,TR,2012,98068,
ESTAT:TEN00110(1.0),13/09/22 11:00:00,A,T,HAZ_NHAZ,EP_HH,W11,TR,2014,25358,
ESTAT:TEN00110(1.0),13/09/22 11:00:00,A,T,HAZ_NHAZ,EP_HH,W11,TR,2018,0,
ESTAT:TEN00110(1.0),13/09/22 11:00:00,A,T,HAZ_NHAZ,EP_HH,W11,TR,2020,0,
ESTAT:TEN00110(1.0),13/09/22 11:00:00,A,T,HAZ_NHAZ,EP_HH,W11,UK,2004,0,
ESTAT:TEN00110(1.0),13/09/22 11:00:00,A,T,HAZ_NHAZ,EP_HH,W11,UK,2006,0,
ESTAT:TEN00110(1.0),13/09/22 11:00:00,A,T,HAZ_NHAZ,EP_HH,W11,UK,2008,0,
ESTAT:TEN00110(1.0),13/09/22 11:00:00,A,T,HAZ_NHAZ,EP_HH,W11,UK,2010,0,
ESTAT:TEN00110(1.0),13/09/22 11:00:00,A,T,HAZ_NHAZ,EP_HH,W11,UK,2012,0,
ESTAT:TEN00110(1.0),13/09/22 11:00:00,A,T,HAZ_NHAZ,EP_HH,W11,UK,2014,0,
ESTAT:TEN00110(1.0),13/09/22 11:00:00,A,T,HAZ_NHAZ,EP_HH,W11,UK,2016,0,
ESTAT:TEN00110(1.0),13/09/22 11:00:00,A,T,HAZ_NHAZ,EP_HH,W11,UK,2018,0,
ESTAT:TEN00110(1.0),13/09/22 11:00:00,A,T,HAZ_NHAZ,EP_HH,W11,XK,2012,0,
ESTAT:TEN00110(1.0),13/09/22 11:00:00,A,T,HAZ_NHAZ,EP_HH,W11,XK,2014,0,
ESTAT:TEN00110(1.0),13/09/22 11:00:00,A,T,HAZ_NHAZ,EP_HH,W11,XK,2016,0,
ESTAT:TEN00110(1.0),13/09/22 11:00:00,A,T,HAZ_NHAZ,EP_HH,W11,XK,2018,0,
ESTAT:TEN00110(1.0),13/09/22 11:00:00,A,T,HAZ_NHAZ,EP_HH,W11,XK,2020,0,
ESTAT:TEN00110(1.0),13/09/22 11:00:00,A,T,HAZ_NHAZ,EP_HH,W12-13,AT,2004,3,
ESTAT:TEN00110(1.0),13/09/22 11:00:00,A,T,HAZ_NHAZ,EP_HH,W12-13,AT,2006,10,
ESTAT:TEN00110(1.0),13/09/22 11:00:00,A,T,HAZ_NHAZ,EP_HH,W12-13,AT,2008,1718,
ESTAT:TEN00110(1.0),13/09/22 11:00:00,A,T,HAZ_NHAZ,EP_HH,W12-13,BE,2004,870084,
ESTAT:TEN00110(1.0),13/09/22 11:00:00,A,T,HAZ_NHAZ,EP_HH,W12-13,BE,2006,557372,
ESTAT:TEN00110(1.0),13/09/22 11:00:00,A,T,HAZ_NHAZ,EP_HH,W12-13,BE,2008,101746,
ESTAT:TEN00110(1.0),13/09/22 11:00:00,A,T,HAZ_NHAZ,EP_HH,W12-13,BG,2004,0,
ESTAT:TEN00110(1.0),13/09/22 11:00:00,A,T,HAZ_NHAZ,EP_HH,W12-13,BG,2006,0,
ESTAT:TEN00110(1.0),13/09/22 11:00:00,A,T,HAZ_NHAZ,EP_HH,W12-13,BG,2008,0,
ESTAT:TEN00110(1.0),13/09/22 11:00:00,A,T,HAZ_NHAZ,EP_HH,W12-13,CY,2004,0,
ESTAT:TEN00110(1.0),13/09/22 11:00:00,A,T,HAZ_NHAZ,EP_HH,W12-13,CY,2006,0,
ESTAT:TEN00110(1.0),13/09/22 11:00:00,A,T,HAZ_NHAZ,EP_HH,W12-13,CY,2008,37179,
ESTAT:TEN00110(1.0),13/09/22 11:00:00,A,T,HAZ_NHAZ,EP_HH,W12-13,CZ,2004,7267,
ESTAT:TEN00110(1.0),13/09/22 11:00:00,A,T,HAZ_NHAZ,EP_HH,W12-13,CZ,2006,302919,
ESTAT:TEN00110(1.0),13/09/22 11:00:00,A,T,HAZ_NHAZ,EP_HH,W12-13,CZ,2008,25174,
ESTAT:TEN00110(1.0),13/09/22 11:00:00,A,T,HAZ_NHAZ,EP_HH,W12-13,DE,2004,0,
ESTAT:TEN00110(1.0),13/09/22 11:00:00,A,T,HAZ_NHAZ,EP_HH,W12-13,DE,2006,0,
ESTAT:TEN00110(1.0),13/09/22 11:00:00,A,T,HAZ_NHAZ,EP_HH,W12-13,DE,2008,0,
ESTAT:TEN00110(1.0),13/09/22 11:00:00,A,T,HAZ_NHAZ,EP_HH,W12-13,DK,2004,78244,
ESTAT:TEN00110(1.0),13/09/22 11:00:00,A,T,HAZ_NHAZ,EP_HH,W12-13,DK,2006,63409,
ESTAT:TEN00110(1.0),13/09/22 11:00:00,A,T,HAZ_NHAZ,EP_HH,W12-13,DK,2008,132906,
ESTAT:TEN00110(1.0),13/09/22 11:00:00,A,T,HAZ_NHAZ,EP_HH,W12-13,EE,2004,30550,
ESTAT:TEN00110(1.0),13/09/22 11:00:00,A,T,HAZ_NHAZ,EP_HH,W12-13,EE,2006,28327,
ESTAT:TEN00110(1.0),13/09/22 11:00:00,A,T,HAZ_NHAZ,EP_HH,W12-13,EE,2008,25608,
ESTAT:TEN00110(1.0),13/09/22 11:00:00,A,T,HAZ_NHAZ,EP_HH,W12-13,EL,2004,0,
ESTAT:TEN00110(1.0),13/09/22 11:00:00,A,T,HAZ_NHAZ,EP_HH,W12-13,EL,2006,1111,
ESTAT:TEN00110(1.0),13/09/22 11:00:00,A,T,HAZ_NHAZ,EP_HH,W12-13,EL,2008,0,
ESTAT:TEN00110(1.0),13/09/22 11:00:00,A,T,HAZ_NHAZ,EP_HH,W12-13,ES,2004,2520971,
ESTAT:TEN00110(1.0),13/09/22 11:00:00,A,T,HAZ_NHAZ,EP_HH,W12-13,ES,2006,1854334,
ESTAT:TEN00110(1.0),13/09/22 11:00:00,A,T,HAZ_NHAZ,EP_HH,W12-13,ES,2008,974931,
ESTAT:TEN00110(1.0),13/09/22 11:00:00,A,T,HAZ_NHAZ,EP_HH,W12-13,EU27_2020,2004,4420000,
ESTAT:TEN00110(1.0),13/09/22 11:00:00,A,T,HAZ_NHAZ,EP_HH,W12-13,EU27_2020,2006,4200000,
ESTAT:TEN00110(1.0),13/09/22 11:00:00,A,T,HAZ_NHAZ,EP_HH,W12-13,EU27_2020,2008,4730000,
ESTAT:TEN00110(1.0),13/09/22 11:00:00,A,T,HAZ_NHAZ,EP_HH,W12-13,EU28,2004,4490000,
ESTAT:TEN00110(1.0),13/09/22 11:00:00,A,T,HAZ_NHAZ,EP_HH,W12-13,EU28,2006,4840000,
ESTAT:TEN00110(1.0),13/09/22 11:00:00,A,T,HAZ_NHAZ,EP_HH,W12-13,EU28,2008,5650000,
ESTAT:TEN00110(1.0),13/09/22 11:00:00,A,T,HAZ_NHAZ,EP_HH,W12-13,FI,2004,0,
ESTAT:TEN00110(1.0),13/09/22 11:00:00,A,T,HAZ_NHAZ,EP_HH,W12-13,FI,2006,290,
ESTAT:TEN00110(1.0),13/09/22 11:00:00,A,T,HAZ_NHAZ,EP_HH,W12-13,FI,2008,0,
ESTAT:TEN00110(1.0),13/09/22 11:00:00,A,T,HAZ_NHAZ,EP_HH,W12-13,FR,2004,0,
ESTAT:TEN00110(1.0),13/09/22 11:00:00,A,T,HAZ_NHAZ,EP_HH,W12-13,FR,2006,0,
ESTAT:TEN00110(1.0),13/09/22 11:00:00,A,T,HAZ_NHAZ,EP_HH,W12-13,FR,2008,2597900,
ESTAT:TEN00110(1.0),13/09/22 11:00:00,A,T,HAZ_NHAZ,EP_HH,W12-13,HR,2004,0,
ESTAT:TEN00110(1.0),13/09/22 11:00:00,A,T,HAZ_NHAZ,EP_HH,W12-13,HR,2006,57427,
ESTAT:TEN00110(1.0),13/09/22 11:00:00,A,T,HAZ_NHAZ,EP_HH,W12-13,HR,2008,0,
ESTAT:TEN00110(1.0),13/09/22 11:00:00,A,T,HAZ_NHAZ,EP_HH,W12-13,HU,2004,48030,
ESTAT:TEN00110(1.0),13/09/22 11:00:00,A,T,HAZ_NHAZ,EP_HH,W12-13,HU,2006,0,
ESTAT:TEN00110(1.0),13/09/22 11:00:00,A,T,HAZ_NHAZ,EP_HH,W12-13,HU,2008,0,
ESTAT:TEN00110(1.0),13/09/22 11:00:00,A,T,HAZ_NHAZ,EP_HH,W12-13,IE,2004,0,
ESTAT:TEN00110(1.0),13/09/22 11:00:00,A,T,HAZ_NHAZ,EP_HH,W12-13,IE,2006,0,
ESTAT:TEN00110(1.0),13/09/22 11:00:00,A,T,HAZ_NHAZ,EP_HH,W12-13,IS,2004,0,
ESTAT:TEN00110(1.0),13/09/22 11:00:00,A,T,HAZ_NHAZ,EP_HH,W12-13,IT,2004,0,
ESTAT:TEN00110(1.0),13/09/22 11:00:00,A,T,HAZ_NHAZ,EP_HH,W12-13,IT,2006,0,
ESTAT:TEN00110(1.0),13/09/22 11:00:00,A,T,HAZ_NHAZ,EP_HH,W12-13,IT,2008,517,
ESTAT:TEN00110(1.0),13/09/22 11:00:00,A,T,HAZ_NHAZ,EP_HH,W12-13,LI,2008,0,
ESTAT:TEN00110(1.0),13/09/22 11:00:00,A,T,HAZ_NHAZ,EP_HH,W12-13,LT,2004,4941,
ESTAT:TEN00110(1.0),13/09/22 11:00:00,A,T,HAZ_NHAZ,EP_HH,W12-13,LT,2006,13690,
ESTAT:TEN00110(1.0),13/09/22 11:00:00,A,T,HAZ_NHAZ,EP_HH,W12-13,LT,2008,26721,
ESTAT:TEN00110(1.0),13/09/22 11:00:00,A,T,HAZ_NHAZ,EP_HH,W12-13,LU,2004,6022,
ESTAT:TEN00110(1.0),13/09/22 11:00:00,A,T,HAZ_NHAZ,EP_HH,W12-13,LU,2006,6363,
ESTAT:TEN00110(1.0),13/09/22 11:00:00,A,T,HAZ_NHAZ,EP_HH,W12-13,LU,2008,5667,
ESTAT:TEN00110(1.0),13/09/22 11:00:00,A,T,HAZ_NHAZ,EP_HH,W12-13,LV,2004,0,
ESTAT:TEN00110(1.0),13/09/22 11:00:00,A,T,HAZ_NHAZ,EP_HH,W12-13,LV,2006,27015,
ESTAT:TEN00110(1.0),13/09/22 11:00:00,A,T,HAZ_NHAZ,EP_HH,W12-13,LV,2008,3257,
ESTAT:TEN00110(1.0),13/09/22 11:00:00,A,T,HAZ_NHAZ,EP_HH,W12-13,MK,2008,0,
ESTAT:TEN00110(1.0),13/09/22 11:00:00,A,T,HAZ_NHAZ,EP_HH,W12-13,MT,2004,0,
ESTAT:TEN00110(1.0),13/09/22 11:00:00,A,T,HAZ_NHAZ,EP_HH,W12-13,MT,2006,998,
ESTAT:TEN00110(1.0),13/09/22 11:00:00,A,T,HAZ_NHAZ,EP_HH,W12-13,MT,2008,820,
ESTAT:TEN00110(1.0),13/09/22 11:00:00,A,T,HAZ_NHAZ,EP_HH,W12-13,NL,2004,611983,
ESTAT:TEN00110(1.0),13/09/22 11:00:00,A,T,HAZ_NHAZ,EP_HH,W12-13,NL,2006,596518,
ESTAT:TEN00110(1.0),13/09/22 11:00:00,A,T,HAZ_NHAZ,EP_HH,W12-13,NL,2008,570633,
ESTAT:TEN00110(1.0),13/09/22 11:00:00,A,T,HAZ_NHAZ,EP_HH,W12-13,NO,2004,0,
ESTAT:TEN00110(1.0),13/09/22 11:00:00,A,T,HAZ_NHAZ,EP_HH,W12-13,NO,2006,344,
ESTAT:TEN00110(1.0),13/09/22 11:00:00,A,T,HAZ_NHAZ,EP_HH,W12-13,NO,2008,1164,
ESTAT:TEN00110(1.0),13/09/22 11:00:00,A,T,HAZ_NHAZ,EP_HH,W12-13,PL,2004,0,
ESTAT:TEN00110(1.0),13/09/22 11:00:00,A,T,HAZ_NHAZ,EP_HH,W12-13,PL,2006,0,
ESTAT:TEN00110(1.0),13/09/22 11:00:00,A,T,HAZ_NHAZ,EP_HH,W12-13,PL,2008,0,
ESTAT:TEN00110(1.0),13/09/22 11:00:00,A,T,HAZ_NHAZ,EP_HH,W12-13,PT,2004,0,
ESTAT:TEN00110(1.0),13/09/22 11:00:00,A,T,HAZ_NHAZ,EP_HH,W12-13,PT,2006,0,
ESTAT:TEN00110(1.0),13/09/22 11:00:00,A,T,HAZ_NHAZ,EP_HH,W12-13,PT,2008,0,
ESTAT:TEN00110(1.0),13/09/22 11:00:00,A,T,HAZ_NHAZ,EP_HH,W12-13,RO,2004,220839,
ESTAT:TEN00110(1.0),13/09/22 11:00:00,A,T,HAZ_NHAZ,EP_HH,W12-13,RO,2006,250289,
ESTAT:TEN00110(1.0),13/09/22 11:00:00,A,T,HAZ_NHAZ,EP_HH,W12-13,RO,2008,196013,
ESTAT:TEN00110(1.0),13/09/22 11:00:00,A,T,HAZ_NHAZ,EP_HH,W12-13,SE,2004,0,
ESTAT:TEN00110(1.0),13/09/22 11:00:00,A,T,HAZ_NHAZ,EP_HH,W12-13,SE,2006,1760,
ESTAT:TEN00110(1.0),13/09/22 11:00:00,A,T,HAZ_NHAZ,EP_HH,W12-13,SE,2008,0,
ESTAT:TEN00110(1.0),13/09/22 11:00:00,A,T,HAZ_NHAZ,EP_HH,W12-13,SI,2004,22023,
ESTAT:TEN00110(1.0),13/09/22 11:00:00,A,T,HAZ_NHAZ,EP_HH,W12-13,SI,2006,411734,
ESTAT:TEN00110(1.0),13/09/22 11:00:00,A,T,HAZ_NHAZ,EP_HH,W12-13,SI,2008,13841,
ESTAT:TEN00110(1.0),13/09/22 11:00:00,A,T,HAZ_NHAZ,EP_HH,W12-13,SK,2004,0,
ESTAT:TEN00110(1.0),13/09/22 11:00:00,A,T,HAZ_NHAZ,EP_HH,W12-13,SK,2006,22670,
ESTAT:TEN00110(1.0),13/09/22 11:00:00,A,T,HAZ_NHAZ,EP_HH,W12-13,SK,2008,15704,
ESTAT:TEN00110(1.0),13/09/22 11:00:00,A,T,HAZ_NHAZ,EP_HH,W12-13,TR,2004,0,
ESTAT:TEN00110(1.0),13/09/22 11:00:00,A,T,HAZ_NHAZ,EP_HH,W12-13,TR,2006,0,
ESTAT:TEN00110(1.0),13/09/22 11:00:00,A,T,HAZ_NHAZ,EP_HH,W12-13,TR,2008,638179,
ESTAT:TEN00110(1.0),13/09/22 11:00:00,A,T,HAZ_NHAZ,EP_HH,W12-13,UK,2004,70953,
ESTAT:TEN00110(1.0),13/09/22 11:00:00,A,T,HAZ_NHAZ,EP_HH,W12-13,UK,2006,644534,
ESTAT:TEN00110(1.0),13/09/22 11:00:00,A,T,HAZ_NHAZ,EP_HH,W12-13,UK,2008,921015,
